date,expiration,contractLength,type,strike,bid,ask,midpoint,blackScholesPrice,stockPriceAtExpiration,profitable,return
2018-06-01,2018-06-11,10,call,220.0,53.59,53.78,53.685,52.71116353952172,278.44,True,8.85722268790164
2018-06-01,2018-06-11,10,call,225.0,48.59,48.77,48.68000000000001,47.718008165419945,278.44,True,9.778142974527507
2018-06-01,2018-06-11,10,call,230.0,43.6,43.79,43.695,42.72485279131814,278.44,True,10.859366060189947
2018-06-01,2018-06-11,10,call,235.0,38.61,38.79,38.7,37.73169741721645,278.44,True,12.248062015503862
2018-06-01,2018-06-11,10,call,240.0,33.62,33.8,33.709999999999994,32.73854204325576,278.44,True,14.031444675170587
2018-06-01,2018-06-11,10,call,245.0,28.63,28.81,28.72,27.745386735864344,278.44,True,16.434540389972142
2018-06-01,2018-06-11,10,call,250.0,23.63,23.82,23.725,22.75224227691686,278.44,True,19.873551106427804
2018-06-01,2018-06-11,10,call,251.0,22.65,22.82,22.735,21.753627238061796,278.44,True,20.6949637123378
2018-06-01,2018-06-11,10,call,252.0,21.65,21.84,21.744999999999997,20.755033103258796,278.44,True,21.591170383996324
2018-06-01,2018-06-11,10,call,253.0,20.66,20.83,20.744999999999997,19.756483848617847,278.44,True,22.631959508315262
2018-06-01,2018-06-11,10,call,254.0,19.66,19.85,19.755000000000003,18.758027131369488,278.44,True,23.715515059478587
2018-06-01,2018-06-11,10,call,255.0,18.66,18.84,18.75,17.759753738047493,278.44,True,25.01333333333332
2018-06-01,2018-06-11,10,call,256.0,17.66,17.85,17.755000000000003,16.761829450808563,278.44,True,26.386933258237082
2018-06-01,2018-06-11,10,call,257.0,16.68,16.86,16.77,15.76454449581172,278.44,True,27.847346451997605
2018-06-01,2018-06-11,10,call,258.0,15.69,15.86,15.774999999999999,14.768386008004143,278.44,True,29.572107765451662
2018-06-01,2018-06-11,10,call,259.0,14.7,14.87,14.785,13.7741379117262,278.44,True,31.484612783226222
2018-06-01,2018-06-11,10,call,260.0,13.71,13.88,13.795000000000002,12.783009600249443,278.44,True,33.67162015222904
2018-06-01,2018-06-11,10,call,261.0,12.71,12.89,12.8,11.796789341779174,278.44,True,36.24999999999998
2018-06-01,2018-06-11,10,call,262.0,11.74,11.91,11.825,10.818010533865106,278.44,True,39.0274841437632
2018-06-01,2018-06-11,10,call,263.0,10.75,10.93,10.84,9.85010971479818,278.44,True,42.43542435424352
2018-06-01,2018-06-11,10,call,264.0,9.79,9.96,9.875,8.897546542180066,278.44,True,46.2278481012658
2018-06-01,2018-06-11,10,call,265.0,8.82,8.99,8.905000000000001,7.965850464096064,278.44,True,50.92644581695672
2018-06-01,2018-06-11,10,call,265.5,8.34,8.51,8.425,7.509835647047225,278.44,True,53.590504451038534
2018-06-01,2018-06-11,10,call,266.0,7.86,8.03,7.945,7.061559402496414,278.44,True,56.576463184392665
2018-06-01,2018-06-11,10,call,266.5,7.39,7.55,7.47,6.621964521083129,278.44,True,59.83935742971885
2018-06-01,2018-06-11,10,call,267.0,6.92,7.08,7.0,6.19202454373783,278.44,True,63.4285714285714
2018-06-01,2018-06-11,10,call,267.5,6.45,6.61,6.53,5.772729964709953,278.44,True,67.53445635528327
2018-06-01,2018-06-11,10,call,268.0,5.99,6.15,6.07,5.36507264146519,278.44,True,71.993410214168
2018-06-01,2018-06-11,10,call,268.5,5.54,5.69,5.615,4.970028789182919,278.44,True,77.02582368655384
2018-06-01,2018-06-11,10,call,269.0,5.09,5.24,5.165,4.588541029522588,278.44,True,82.7686350435624
2018-06-01,2018-06-11,10,call,269.5,4.65,4.79,4.720000000000001,4.221500038072691,278.44,True,89.40677966101688
2018-06-01,2018-06-11,10,call,270.0,4.21,4.36,4.285,3.8697263868416485,278.44,True,96.96616102683775
2018-06-01,2018-06-11,10,call,270.5,3.79,3.93,3.8600000000000003,3.5339532029159386,278.44,True,105.69948186528491
2018-06-01,2018-06-11,10,call,271.0,3.4,3.49,3.4450000000000003,3.2148102591881127,278.44,True,115.96516690856305
2018-06-01,2018-06-11,10,call,271.5,3.01,3.09,3.05,2.912810076941213,278.44,True,127.54098360655732
2018-06-01,2018-06-11,10,call,272.0,2.63,2.71,2.67,2.628336554153236,278.44,True,141.1985018726591
2018-06-01,2018-06-11,10,call,272.5,2.27,2.35,2.31,2.3616365407380044,278.44,True,157.14285714285703
2018-06-01,2018-06-11,10,call,273.0,1.94,2.0,1.97,2.1128146674410573,278.44,True,176.14213197969534
2018-06-01,2018-06-11,10,call,273.5,1.64,1.69,1.665,1.8818316050832635,278.44,True,196.69669669669656
2018-06-01,2018-06-11,10,call,274.0,1.36,1.39,1.375,1.6685057926307962,278.44,True,222.90909090909074
2018-06-01,2018-06-11,10,call,274.5,1.11,1.15,1.13,1.4725185339512308,278.44,True,248.67256637168126
2018-06-01,2018-06-11,10,call,275.0,0.89,0.92,0.905,1.2934222317986581,278.44,True,280.1104972375688
2018-06-01,2018-06-11,10,call,275.5,0.7,0.74,0.72,1.1306514106074417,278.44,True,308.3333333333331
2018-06-01,2018-06-11,10,call,276.0,0.54,0.58,0.56,0.9835360830007573,278.44,True,335.71428571428527
2018-06-01,2018-06-11,10,call,276.5,0.41,0.44,0.425,0.8513169429832033,278.44,True,356.4705882352936
2018-06-01,2018-06-11,10,call,277.0,0.31,0.34,0.325,0.7331618242874356,278.44,True,343.0769230769224
2018-06-01,2018-06-11,10,call,277.5,0.23,0.25,0.24,0.6281828461667658,278.44,True,291.6666666666657
2018-06-01,2018-06-11,10,call,278.0,0.17,0.19,0.18,0.5354536801606073,278.44,True,144.4444444444432
2018-06-01,2018-06-11,10,call,278.5,0.12,0.14,0.13,0.4540264075037115,278.44,False,144.4444444444432
2018-06-01,2018-06-11,10,call,279.0,0.1,0.11,0.10500000000000001,0.3829474940935569,278.44,False,144.4444444444432
2018-06-01,2018-06-11,10,call,279.5,0.07,0.08,0.07500000000000001,0.3212724835048206,278.44,False,144.4444444444432
2018-06-01,2018-06-11,10,call,280.0,0.05,0.06,0.055,0.26807909314798195,278.44,False,144.4444444444432
2018-06-01,2018-06-11,10,call,280.5,0.04,0.05,0.045,0.22247848885848498,278.44,False,144.4444444444432
2018-06-01,2018-06-11,10,call,281.0,0.03,0.04,0.035,0.18362460376854628,278.44,False,144.4444444444432
2018-06-01,2018-06-11,10,call,282.0,0.02,0.03,0.025,0.12302847858900812,278.44,False,144.4444444444432
2018-06-01,2018-06-11,10,call,283.0,0.01,0.02,0.015,0.08060700878480631,278.44,False,144.4444444444432
2018-06-01,2018-06-11,10,call,284.0,0.01,0.02,0.015,0.05163435513275516,278.44,False,144.4444444444432
2018-06-01,2018-06-11,10,call,285.0,0.01,0.02,0.015,0.03233173030034653,278.44,False,144.4444444444432
2018-06-01,2018-06-11,10,call,290.0,0.0,0.01,0.005,0.0022051805360681076,278.44,False,144.4444444444432
2018-06-01,2018-06-13,12,call,225.0,48.59,48.85,48.72,47.779559183206345,279.19,True,11.227422003284069
2018-06-01,2018-06-13,12,call,230.0,43.59,43.86,43.725,42.787771609499856,279.19,True,12.498570611778149
2018-06-01,2018-06-13,12,call,235.0,38.6,38.87,38.735,37.79598403580303,279.19,True,14.082870788692393
2018-06-01,2018-06-13,12,call,240.0,33.62,33.89,33.754999999999995,32.804196466600075,279.19,True,16.101318323211387
2018-06-01,2018-06-13,12,call,245.0,28.64,28.9,28.77,27.812409702935696,279.19,True,18.839068474104963
2018-06-01,2018-06-13,12,call,246.0,27.63,27.9,27.765,26.814053441778952,279.19,True,19.538987934449835
2018-06-01,2018-06-13,12,call,247.0,26.64,26.91,26.775,25.815698931594,279.19,True,20.22408963585434
2018-06-01,2018-06-13,12,call,248.0,25.64,25.91,25.775,24.81734837040503,279.19,True,21.008729388942772
2018-06-01,2018-06-13,12,call,249.0,24.66,24.92,24.79,23.819006402634955,279.19,True,21.7829770068576
2018-06-01,2018-06-13,12,call,250.0,23.66,23.92,23.79,22.820682485674837,279.19,True,22.698612862547286
2018-06-01,2018-06-13,12,call,251.0,22.67,22.94,22.805,21.822395183456507,279.19,True,23.613242709932024
2018-06-01,2018-06-13,12,call,252.0,21.67,21.94,21.805,20.824179630661945,279.19,True,24.69617060307268
2018-06-01,2018-06-13,12,call,253.0,20.68,20.94,20.810000000000002,19.82609995805379,279.19,True,25.852955309947117
2018-06-01,2018-06-13,12,call,254.0,19.69,19.95,19.82,18.82826907880846,279.19,True,27.0938446014127
2018-06-01,2018-06-13,12,call,255.0,18.7,18.96,18.83,17.83087878856631,279.19,True,28.465215082315453
2018-06-01,2018-06-13,12,call,256.0,17.71,17.97,17.84,16.834243426494567,279.19,True,29.98878923766815
2018-06-01,2018-06-13,12,call,257.0,16.72,16.98,16.85,15.838860101870665,279.19,True,31.691394658753687
2018-06-01,2018-06-13,12,call,258.0,15.74,15.99,15.865,14.845487392773691,279.19,True,33.56445004727386
2018-06-01,2018-06-13,12,call,259.0,14.76,15.01,14.885,13.855242194737968,279.19,True,35.63990594558279
2018-06-01,2018-06-13,12,call,260.0,13.78,14.03,13.905,12.869710921734708,279.19,True,38.007910823444796
2018-06-01,2018-06-13,12,call,260.5,13.3,13.54,13.42,12.379366067399616,279.19,True,39.26974664679581
2018-06-01,2018-06-13,12,call,261.0,12.81,13.06,12.935,11.891066714193471,279.19,True,40.62620796289136
2018-06-01,2018-06-13,12,call,261.5,12.32,12.57,12.445,11.405194254894354,279.19,True,42.145439935717135
2018-06-01,2018-06-13,12,call,262.0,11.84,12.09,11.965,10.922179254461781,279.19,True,43.66903468449643
2018-06-01,2018-06-13,12,call,262.5,11.36,11.61,11.485,10.442503174104502,279.19,True,45.319982585981705
2018-06-01,2018-06-13,12,call,263.0,10.88,11.13,11.005,9.966699201919539,279.19,True,47.11494775102223
2018-06-01,2018-06-13,12,call,263.5,10.4,10.65,10.525,9.495352026345103,279.19,True,49.07363420427551
2018-06-01,2018-06-13,12,call,264.0,9.92,10.16,10.04,9.029096404734133,279.19,True,51.294820717131465
2018-06-01,2018-06-13,12,call,264.5,9.45,9.69,9.57,8.568614404352104,279.19,True,53.500522466039676
2018-06-01,2018-06-13,12,call,265.0,8.98,9.22,9.100000000000001,8.11463122690347,279.19,True,55.93406593406588
2018-06-01,2018-06-13,12,call,265.5,8.51,8.74,8.625,7.667909569616768,279.19,True,58.7246376811594
2018-06-01,2018-06-13,12,call,266.0,8.04,8.27,8.155,7.229242524730978,279.19,True,61.74126302881666
2018-06-01,2018-06-13,12,call,266.5,7.58,7.81,7.695,6.7994450731507925,279.19,True,64.91228070175436
2018-06-01,2018-06-13,12,call,267.0,7.12,7.35,7.234999999999999,6.379344284815858,279.19,True,68.4865238424326
2018-06-01,2018-06-13,12,call,267.5,6.66,6.89,6.775,5.969768395335052,279.19,True,72.54612546125458
2018-06-01,2018-06-13,12,call,268.0,6.23,6.45,6.34,5.571534982805645,279.19,True,76.49842271293372
2018-06-01,2018-06-13,12,call,268.5,5.79,6.0,5.895,5.185438517538017,279.19,True,81.34011874469887
2018-06-01,2018-06-13,12,call,269.0,5.34,5.56,5.449999999999999,4.8122375978285845,279.19,True,86.97247706422017
2018-06-01,2018-06-13,12,call,269.5,4.93,5.14,5.035,4.452642214447138,279.19,True,92.45283018867919
2018-06-01,2018-06-13,12,call,270.0,4.56,4.65,4.605,4.107301403112757,279.19,True,99.56568946796953
2018-06-01,2018-06-13,12,call,270.5,4.15,4.24,4.195,3.776791646505643,279.19,True,107.15137067938014
2018-06-01,2018-06-13,12,call,271.0,3.75,3.84,3.795,3.4616063746537122,279.19,True,115.81027667984185
2018-06-01,2018-06-13,12,call,271.5,3.37,3.45,3.41,3.1621468849902215,279.19,True,125.51319648093835
2018-06-01,2018-06-13,12,call,272.0,3.01,3.08,3.045,2.8787149619612364,279.19,True,136.12479474548434
2018-06-01,2018-06-13,12,call,272.5,2.66,2.73,2.6950000000000003,2.611507422524852,279.19,True,148.23747680890526
2018-06-01,2018-06-13,12,call,273.0,2.33,2.39,2.3600000000000003,2.360612750640769,279.19,True,162.2881355932202
2018-06-01,2018-06-13,12,call,273.5,2.02,2.07,2.045,2.126009913850467,279.19,True,178.23960880195588
2018-06-01,2018-06-13,12,call,274.0,1.73,1.78,1.755,1.9075693816114097,279.19,True,195.7264957264956
2018-06-01,2018-06-13,12,call,274.5,1.47,1.52,1.495,1.7050562916200533,279.19,True,213.71237458193963
2018-06-01,2018-06-13,12,call,275.0,1.23,1.27,1.25,1.5181356403493993,279.19,True,235.19999999999982
2018-06-01,2018-06-13,12,call,275.5,1.02,1.06,1.04,1.3463793105781718,279.19,True,254.80769230769207
2018-06-01,2018-06-13,12,call,276.0,0.84,0.87,0.855,1.1892746945082138,279.19,True,273.0994152046781
2018-06-01,2018-06-13,12,call,276.5,0.68,0.71,0.6950000000000001,1.0462346282891843,279.19,True,287.05035971222986
2018-06-01,2018-06-13,12,call,277.0,0.54,0.57,0.5549999999999999,0.916608323841217,279.19,True,294.59459459459424
2018-06-01,2018-06-13,12,call,277.5,0.42,0.46,0.44,0.799692967511568,279.19,True,284.0909090909086
2018-06-01,2018-06-13,12,call,278.0,0.33,0.36,0.345,0.6947456523047038,279.19,True,244.9275362318834
2018-06-01,2018-06-13,12,call,278.5,0.26,0.28,0.27,0.6009953204879679,279.19,True,155.5555555555547
2018-06-01,2018-06-13,12,call,279.0,0.2,0.22,0.21000000000000002,0.5176544149904814,279.19,False,155.5555555555547
2018-06-01,2018-06-13,12,call,279.5,0.16,0.17,0.165,0.44392996939141227,279.19,False,155.5555555555547
2018-06-01,2018-06-13,12,call,280.0,0.12,0.14,0.13,0.3790339052986411,279.19,False,155.5555555555547
2018-06-01,2018-06-13,12,call,280.5,0.1,0.11,0.10500000000000001,0.3221923502077786,279.19,False,155.5555555555547
2018-06-01,2018-06-13,12,call,281.0,0.08,0.09,0.08499999999999999,0.27265383612264316,279.19,False,155.5555555555547
2018-06-01,2018-06-13,12,call,282.0,0.05,0.06,0.055,0.19263274935803665,279.19,False,155.5555555555547
2018-06-01,2018-06-13,12,call,283.0,0.03,0.04,0.035,0.13364110995620138,279.19,False,155.5555555555547
2018-06-01,2018-06-13,12,call,284.0,0.02,0.03,0.025,0.09102561258004549,279.19,False,155.5555555555547
2018-06-01,2018-06-13,12,call,285.0,0.02,0.03,0.025,0.06086074651199258,279.19,False,155.5555555555547
2018-06-01,2018-06-13,12,call,290.0,0.0,0.01,0.005,0.0061389481759661635,279.19,False,155.5555555555547
2018-06-01,2018-06-13,12,call,295.0,0.0,0.01,0.005,0.00038671041880734836,279.19,False,155.5555555555547
2018-06-01,2018-06-15,14,call,25.0,248.47,248.68,248.575,247.45789926000114,276.6,True,1.216936538268142
2018-06-01,2018-06-15,14,call,30.0,243.47,243.68,243.575,242.46747911200137,276.6,True,1.2419172739402788
2018-06-01,2018-06-15,14,call,35.0,238.47,238.68,238.575,237.47705896400157,276.6,True,1.26794509064237
2018-06-01,2018-06-15,14,call,40.0,233.48,233.7,233.58999999999997,232.4866388160018,276.6,True,1.2885825591849172
2018-06-01,2018-06-15,14,call,45.0,228.48,228.69,228.58499999999998,227.49621866800203,276.6,True,1.318984185314016
2018-06-01,2018-06-15,14,call,50.0,223.49,223.7,223.595,222.50579852000226,276.6,True,1.3439477626959564
2018-06-01,2018-06-15,14,call,55.0,218.49,218.7,218.595,217.5153783720025,276.6,True,1.3746883506027237
2018-06-01,2018-06-15,14,call,60.0,213.48,213.7,213.58999999999997,212.5249582240027,276.6,True,1.4092420057119004
2018-06-01,2018-06-15,14,call,65.0,208.5,208.71,208.60500000000002,207.53453807600292,276.6,True,1.4357278109345435
2018-06-01,2018-06-15,14,call,70.0,203.49,203.71,203.60000000000002,202.54411792800315,276.6,True,1.473477406679764
2018-06-01,2018-06-15,14,call,75.0,198.51,198.72,198.615,197.55369778000335,276.6,True,1.5029076353749786
2018-06-01,2018-06-15,14,call,80.0,193.51,193.72,193.615,192.56327763200358,276.6,True,1.541719391576073
2018-06-01,2018-06-15,14,call,85.0,188.52,188.72,188.62,187.5728574840038,276.6,True,1.5798960873714443
2018-06-01,2018-06-15,14,call,90.0,183.52,183.73,183.625,182.58243733600403,276.6,True,1.6201497617426945
2018-06-01,2018-06-15,14,call,95.0,178.51,178.73,178.62,177.59201718800426,276.6,True,1.668346209830936
2018-06-01,2018-06-15,14,call,100.0,173.53,173.74,173.635,172.6015970400045,276.6,True,1.7076050335474022
2018-06-01,2018-06-15,14,call,105.0,168.53,168.75,168.64,167.61117689200472,276.6,True,1.7552182163188075
2018-06-01,2018-06-15,14,call,110.0,163.55,163.76,163.655,162.62075674400492,276.6,True,1.799517277198999
2018-06-01,2018-06-15,14,call,115.0,158.54,158.76,158.64999999999998,157.63033659600515,276.6,True,1.8594390167034642
2018-06-01,2018-06-15,14,call,120.0,153.56,153.76,153.66,152.63991644800535,276.6,True,1.9133151112846716
2018-06-01,2018-06-15,14,call,125.0,148.56,148.77,148.66500000000002,147.64949630000558,276.6,True,1.9742373793428187
2018-06-01,2018-06-15,14,call,130.0,143.56,143.77,143.66500000000002,142.6590761520058,276.6,True,2.0429471339574716
2018-06-01,2018-06-15,14,call,135.0,138.56,138.78,138.67000000000002,137.66865600400604,276.6,True,2.112929977644773
2018-06-01,2018-06-15,14,call,140.0,133.56,133.78,133.67000000000002,132.67823585600627,276.6,True,2.1919652876486917
2018-06-01,2018-06-15,14,call,145.0,128.58,128.79,128.685,127.6878157080065,276.6,True,2.265221276761099
2018-06-01,2018-06-15,14,call,150.0,123.57,123.79,123.68,122.6973955600067,276.6,True,2.3609314359637903
2018-06-01,2018-06-15,14,call,155.0,118.6,118.81,118.705,117.70697541200693,276.6,True,2.438818920854239
2018-06-01,2018-06-15,14,call,160.0,113.59,113.81,113.7,112.71655526400716,276.6,True,2.5505716798592966
2018-06-01,2018-06-15,14,call,165.0,108.61,108.82,108.715,107.72613511600738,276.6,True,2.653727636480724
2018-06-01,2018-06-15,14,call,170.0,103.6,103.82,103.71,102.73571496800758,276.6,True,2.786616526853755
2018-06-01,2018-06-15,14,call,175.0,98.63,98.84,98.735,97.74529482000781,276.6,True,2.901706588342557
2018-06-01,2018-06-15,14,call,180.0,93.62,93.84,93.73,92.75487467200804,276.6,True,3.061986557132208
2018-06-01,2018-06-15,14,call,181.0,92.63,92.84,92.735,91.75679064240808,276.6,True,3.089448428317273
2018-06-01,2018-06-15,14,call,182.0,91.63,91.84,91.735,90.75870661280814,276.6,True,3.123126396686132
2018-06-01,2018-06-15,14,call,183.0,90.64,90.84,90.74000000000001,89.76062258320817,276.6,True,3.1518624641833957
2018-06-01,2018-06-15,14,call,184.0,89.64,89.84,89.74000000000001,88.76253855360821,276.6,True,3.186984622242047
2018-06-01,2018-06-15,14,call,185.0,88.64,88.84,88.74000000000001,87.76445452400827,276.6,True,3.2228983547442116
2018-06-01,2018-06-15,14,call,186.0,87.64,87.85,87.745,86.7663704944083,276.6,True,3.253746652230917
2018-06-01,2018-06-15,14,call,187.0,86.63,86.85,86.74,85.76828646480834,276.6,True,3.297210053032082
2018-06-01,2018-06-15,14,call,188.0,85.63,85.85,85.74,84.7702024352084,276.6,True,3.3356659668766366
2018-06-01,2018-06-15,14,call,189.0,84.63,84.85,84.74,83.77211840560844,276.6,True,3.3750295020061696
2018-06-01,2018-06-15,14,call,190.0,83.63,83.85,83.74,82.7740343760085,276.6,True,3.415333174110375
2018-06-01,2018-06-15,14,call,191.0,82.64,82.85,82.745,81.77595034640854,276.6,True,3.450359538340707
2018-06-01,2018-06-15,14,call,192.0,81.65,81.85,81.75,80.77786631680857,276.6,True,3.4862385321101197
2018-06-01,2018-06-15,14,call,193.0,80.65,80.85,80.75,79.77978228720863,276.6,True,3.5294117647059107
2018-06-01,2018-06-15,14,call,194.0,79.65,79.86,79.755,78.78169825760867,276.6,True,3.567174471819983
2018-06-01,2018-06-15,14,call,195.0,78.65,78.86,78.755,77.7836142280087,276.6,True,3.6124690495841882
2018-06-01,2018-06-15,14,call,196.0,77.64,77.86,77.75,76.78553019840876,276.6,True,3.665594855305496
2018-06-01,2018-06-15,14,call,197.0,76.64,76.86,76.75,75.7874461688088,276.6,True,3.713355048859965
2018-06-01,2018-06-15,14,call,198.0,75.64,75.86,75.75,74.78936213920883,276.6,True,3.762376237623792
2018-06-01,2018-06-15,14,call,199.0,74.64,74.86,74.75,73.7912781096089,276.6,True,3.8127090301003648
2018-06-01,2018-06-15,14,call,200.0,73.65,73.86,73.755,72.79319408000893,276.6,True,3.857365602332082
2018-06-01,2018-06-15,14,call,201.0,72.66,72.86,72.75999999999999,71.79511005040897,276.6,True,3.903243540406861
2018-06-01,2018-06-15,14,call,202.0,71.66,71.86,71.75999999999999,70.79702602080903,276.6,True,3.9576365663322637
2018-06-01,2018-06-15,14,call,203.0,70.66,70.87,70.765,69.79894199120906,276.6,True,4.006217763018473
2018-06-01,2018-06-15,14,call,204.0,69.66,69.87,69.765,68.80085796160913,276.6,True,4.0636422274779935
2018-06-01,2018-06-15,14,call,205.0,68.65,68.87,68.76,67.80277393200916,276.6,True,4.13030831879002
2018-06-01,2018-06-15,14,call,206.0,67.65,67.87,67.76,66.8046899024092,276.6,True,4.1912632821723985
2018-06-01,2018-06-15,14,call,207.0,66.65,66.87,66.76,65.80660587280926,276.6,True,4.254044337926929
2018-06-01,2018-06-15,14,call,208.0,65.65,65.87,65.76,64.80852184320929,276.6,True,4.3187347931873745
2018-06-01,2018-06-15,14,call,209.0,64.66,64.87,64.765,63.810437813609326,276.6,True,4.377364317146641
2018-06-01,2018-06-15,14,call,210.0,63.67,63.87,63.769999999999996,62.81235378400939,276.6,True,4.437823427944217
2018-06-01,2018-06-15,14,call,211.0,62.67,62.88,62.775000000000006,61.81426975440942,276.6,True,4.500199123855064
2018-06-01,2018-06-15,14,call,212.0,61.67,61.88,61.775000000000006,60.81618572480946,276.6,True,4.573047349251342
2018-06-01,2018-06-15,14,call,213.0,60.66,60.88,60.769999999999996,59.81810169520952,276.6,True,4.656903077176282
2018-06-01,2018-06-15,14,call,214.0,59.66,59.88,59.769999999999996,58.820017665609555,276.6,True,4.734816797724656
2018-06-01,2018-06-15,14,call,215.0,58.67,58.88,58.775000000000006,57.82193363600959,276.6,True,4.806465333900496
2018-06-01,2018-06-15,14,call,216.0,57.66,57.88,57.769999999999996,56.82384960640965,276.6,True,4.8987363683573255
2018-06-01,2018-06-15,14,call,217.0,56.67,56.88,56.775000000000006,55.82576557680969,276.6,True,4.975781594011478
2018-06-01,2018-06-15,14,call,218.0,55.68,55.88,55.78,54.82768154720972,276.6,True,5.055575475080713
2018-06-01,2018-06-15,14,call,219.0,54.68,54.89,54.785,53.829597517609784,276.6,True,5.138267774025785
2018-06-01,2018-06-15,14,call,220.0,53.68,53.89,53.785,52.83151348800982,276.6,True,5.233801245700523
2018-06-01,2018-06-15,14,call,221.0,52.67,52.89,52.78,51.83342945840988,276.6,True,5.342932929139867
2018-06-01,2018-06-15,14,call,222.0,51.67,51.89,51.78,50.835345428809916,276.6,True,5.446118192352301
2018-06-01,2018-06-15,14,call,223.0,50.67,50.89,50.78,49.83726139920995,276.6,True,5.553367467506934
2018-06-01,2018-06-15,14,call,224.0,49.68,49.89,49.785,48.83917736961001,276.6,True,5.6543135482575595
2018-06-01,2018-06-15,14,call,225.0,48.69,48.89,48.79,47.84109334001002,276.6,True,5.759376921500356
2018-06-01,2018-06-15,14,call,226.0,47.69,47.9,47.795,46.84300931041011,276.6,True,5.868814729574267
2018-06-01,2018-06-15,14,call,227.0,46.68,46.9,46.79,45.844925280810145,276.6,True,6.005556742893831
2018-06-01,2018-06-15,14,call,228.0,45.68,45.9,45.79,44.846841251210236,276.6,True,6.136711072286577
2018-06-01,2018-06-15,14,call,229.0,44.68,44.9,44.79,43.848757221610356,276.6,True,6.273721812904719
2018-06-01,2018-06-15,14,call,230.0,43.7,43.9,43.8,42.850673192010845,276.6,True,6.392694063927
2018-06-01,2018-06-15,14,call,231.0,42.7,42.91,42.805,41.852589162412386,276.6,True,6.529611026749266
2018-06-01,2018-06-15,14,call,232.0,41.69,41.91,41.8,40.85450513281782,276.6,True,6.698564593301497
2018-06-01,2018-06-15,14,call,233.0,40.69,40.91,40.8,39.85642110323613,276.6,True,6.862745098039278
2018-06-01,2018-06-15,14,call,234.0,39.7,39.91,39.805,38.85833707369571,276.6,True,7.021730938324389
2018-06-01,2018-06-15,14,call,235.0,38.71,38.91,38.81,37.86025304428361,276.6,True,7.188868848235043
2018-06-01,2018-06-15,14,call,236.0,37.71,37.92,37.815,36.862169015255546,276.6,True,7.364802327118934
2018-06-01,2018-06-15,14,call,237.0,36.7,36.92,36.81,35.86408498733746,276.6,True,7.579462102689543
2018-06-01,2018-06-15,14,call,238.0,35.72,35.92,35.82,34.866000962516836,276.6,True,7.761027359017371
2018-06-01,2018-06-15,14,call,239.0,34.72,34.92,34.82,33.86791694604679,276.6,True,7.983917288914482
2018-06-01,2018-06-15,14,call,240.0,33.72,33.94,33.83,32.869832951334075,276.6,True,8.187998817617572
2018-06-01,2018-06-15,14,call,241.0,32.71,32.93,32.82,31.871749011429955,276.6,True,8.47044485070086
2018-06-01,2018-06-15,14,call,242.0,31.73,31.93,31.83,30.873665205068647,276.6,True,8.70248193528126
2018-06-01,2018-06-15,14,call,243.0,30.73,30.95,30.84,29.875581713548883,276.6,True,8.949416342412524
2018-06-01,2018-06-15,14,call,244.0,29.73,29.94,29.835,28.877498940537578,276.6,True,9.26763867940346
2018-06-01,2018-06-15,14,call,245.0,28.74,28.95,28.845,27.879417755363846,276.6,True,9.551048708615093
2018-06-01,2018-06-15,14,call,246.0,27.73,27.95,27.84,26.881339969403143,276.6,True,9.913793103448358
2018-06-01,2018-06-15,14,call,247.0,26.75,26.96,26.855,25.88326923540484,276.6,True,10.221560230869567
2018-06-01,2018-06-15,14,call,247.5,26.25,26.47,26.36,25.38423853821743,276.6,True,10.394537177541817
2018-06-01,2018-06-15,14,call,248.0,25.74,25.96,25.85,24.885212684137485,276.6,True,10.638297872340507
2018-06-01,2018-06-15,14,call,249.0,24.75,24.97,24.86,23.887183794938323,276.6,True,11.02172164119076
2018-06-01,2018-06-15,14,call,250.0,23.77,23.97,23.869999999999997,22.8892072463415,276.6,True,11.436950146627673
2018-06-01,2018-06-15,14,call,251.0,22.76,22.98,22.87,21.891326808997576,276.6,True,11.937035417577707
2018-06-01,2018-06-15,14,call,252.0,21.77,21.98,21.875,20.893617704727262,276.6,True,12.45714285714296
2018-06-01,2018-06-15,14,call,252.5,21.27,21.49,21.38,20.39486392724544,276.6,True,12.72217025257261
2018-06-01,2018-06-15,14,call,253.0,20.79,20.99,20.89,19.896205211606315,276.6,True,12.97271421732897
2018-06-01,2018-06-15,14,call,254.0,19.8,20.01,19.905,18.899291555637603,276.6,True,13.539311730721032
2018-06-01,2018-06-15,14,call,255.0,18.81,19.01,18.91,17.903193164780873,276.6,True,14.225277630883252
2018-06-01,2018-06-15,14,call,255.5,18.31,18.52,18.415,17.40559168203754,276.6,True,14.58050502307914
2018-06-01,2018-06-15,14,call,256.0,17.81,18.01,17.91,16.908390011212447,276.6,True,15.019542155220671
2018-06-01,2018-06-15,14,call,256.5,17.33,17.54,17.435,16.411683921145965,276.6,True,15.28534556925738
2018-06-01,2018-06-15,14,call,257.0,16.84,17.0,16.92,15.9155878706529,276.6,True,15.839243498818089
2018-06-01,2018-06-15,14,call,257.5,16.34,16.54,16.439999999999998,15.420237588030574,276.6,True,16.18004866180064
2018-06-01,2018-06-15,14,call,258.0,15.84,16.03,15.935,14.925792763828753,276.6,True,16.724192030122513
2018-06-01,2018-06-15,14,call,258.5,15.35,15.56,15.455,14.432439806050354,276.6,True,17.114202523455337
2018-06-01,2018-06-15,14,call,259.0,14.86,15.05,14.955,13.94039459463616,276.6,True,17.686392510866085
2018-06-01,2018-06-15,14,call,259.5,14.39,14.57,14.48,13.449905159981654,276.6,True,18.093922651933855
2018-06-01,2018-06-15,14,call,260.0,13.89,14.08,13.985,12.961254198960006,276.6,True,18.698605648909712
2018-06-01,2018-06-15,14,call,260.5,13.4,13.59,13.495000000000001,12.474761332164974,276.6,True,19.303445720637434
2018-06-01,2018-06-15,14,call,261.0,12.93,13.11,13.02,11.99078499854403,276.6,True,19.815668202765156
2018-06-01,2018-06-15,14,call,261.5,12.44,12.63,12.535,11.50972387898932,276.6,True,20.462704427602894
2018-06-01,2018-06-15,14,call,262.0,11.96,12.14,12.05,11.032017739446673,276.6,True,21.16182572614126
2018-06-01,2018-06-15,14,call,262.5,11.47,11.66,11.565000000000001,10.5581475872672,276.6,True,21.91958495460459
2018-06-01,2018-06-15,14,call,263.0,11.0,11.18,11.09,10.08863504229862,276.6,True,22.633002705139972
2018-06-01,2018-06-15,14,call,263.5,10.52,10.7,10.61,9.624040836835178,276.6,True,23.46842601319532
2018-06-01,2018-06-15,14,call,264.0,10.04,10.22,10.129999999999999,9.164962376065063,276.6,True,24.38302073050369
2018-06-01,2018-06-15,14,call,264.5,9.57,9.75,9.66,8.712030312832695,276.6,True,25.25879917184288
2018-06-01,2018-06-15,14,call,265.0,9.11,9.25,9.18,8.265904116914271,276.6,True,26.361655773420733
2018-06-01,2018-06-15,14,call,265.5,8.64,8.81,8.725000000000001,7.827266648830488,276.6,True,27.220630372493076
2018-06-01,2018-06-15,14,call,266.0,8.18,8.34,8.26,7.396817780510759,276.6,True,28.329297820823523
2018-06-01,2018-06-15,14,call,266.5,7.73,7.88,7.805,6.97526713868325,276.6,True,29.404228058936877
2018-06-01,2018-06-15,14,call,267.0,7.27,7.42,7.345,6.563326080324742,276.6,True,30.70115724983013
2018-06-01,2018-06-15,14,call,267.5,6.83,6.93,6.88,6.161699041419297,276.6,True,32.26744186046545
2018-06-01,2018-06-15,14,call,268.0,6.39,6.49,6.4399999999999995,5.7710744291478875,276.6,True,33.54037267080782
2018-06-01,2018-06-15,14,call,268.5,5.95,6.05,6.0,5.392115252051923,276.6,True,35.000000000000384
2018-06-01,2018-06-15,14,call,269.0,5.52,5.61,5.5649999999999995,5.025449701381348,276.6,True,36.56783468104265
2018-06-01,2018-06-15,14,call,269.5,5.09,5.17,5.13,4.671661908687071,276.6,True,38.40155945419148
2018-06-01,2018-06-15,14,call,270.0,4.68,4.77,4.725,4.331283108955603,276.6,True,39.682539682540174
2018-06-01,2018-06-15,14,call,270.5,4.27,4.36,4.3149999999999995,4.004783434750578,276.6,True,41.36732329084643
2018-06-01,2018-06-15,14,call,271.0,3.88,3.97,3.925,3.692564554845063,276.6,True,42.675159235669376
2018-06-01,2018-06-15,14,call,271.5,3.5,3.58,3.54,3.3949533509883736,276.6,True,44.067796610170134
2018-06-01,2018-06-15,14,call,272.0,3.16,3.2,3.18,3.112196799429398,276.6,True,44.654088050315174
2018-06-01,2018-06-15,14,call,272.5,2.8,2.86,2.83,2.8444581906396706,276.6,True,44.876325088340025
2018-06-01,2018-06-15,14,call,273.0,2.47,2.53,2.5,2.5918147826370728,276.6,True,44.00000000000091
2018-06-01,2018-06-15,14,call,273.5,2.17,2.22,2.1950000000000003,2.3542569419634134,276.6,True,41.23006833713086
2018-06-01,2018-06-15,14,call,274.0,1.89,1.93,1.91,2.1316887833803406,276.6,True,36.12565445026298
2018-06-01,2018-06-15,14,call,274.5,1.62,1.66,1.6400000000000001,1.9239302764623432,276.6,True,28.04878048780626
2018-06-01,2018-06-15,14,call,275.0,1.38,1.42,1.4,1.7307207461899878,276.6,True,14.285714285715917
2018-06-01,2018-06-15,14,call,275.5,1.16,1.2,1.18,1.551723656958771,276.6,False,14.285714285715917
2018-06-01,2018-06-15,14,call,276.0,0.98,1.0,0.99,1.386532536512746,276.6,False,14.285714285715917
2018-06-01,2018-06-15,14,call,276.5,0.8,0.82,0.81,1.2346778693128613,276.6,False,14.285714285715917
2018-06-01,2018-06-15,14,call,277.0,0.66,0.68,0.67,1.0956347685813483,276.6,False,14.285714285715917
2018-06-01,2018-06-15,14,call,277.5,0.53,0.55,0.54,0.9688312232117369,276.6,False,14.285714285715917
2018-06-01,2018-06-15,14,call,278.0,0.43,0.45,0.44,0.8536567100456338,276.6,False,14.285714285715917
2018-06-01,2018-06-15,14,call,278.5,0.34,0.36,0.35,0.7494709635103263,276.6,False,14.285714285715917
2018-06-01,2018-06-15,14,call,279.0,0.28,0.29,0.28500000000000003,0.6556127027964536,276.6,False,14.285714285715917
2018-06-01,2018-06-15,14,call,279.5,0.23,0.24,0.235,0.5714081308895445,276.6,False,14.285714285715917
2018-06-01,2018-06-15,14,call,280.0,0.18,0.2,0.19,0.4961790389075773,276.6,False,14.285714285715917
2018-06-01,2018-06-15,14,call,280.5,0.15,0.16,0.155,0.4292503722403822,276.6,False,14.285714285715917
2018-06-01,2018-06-15,14,call,281.0,0.12,0.13,0.125,0.3699571407729074,276.6,False,14.285714285715917
2018-06-01,2018-06-15,14,call,282.0,0.08,0.09,0.08499999999999999,0.2717035200393205,276.6,False,14.285714285715917
2018-06-01,2018-06-15,14,call,282.5,0.07,0.08,0.07500000000000001,0.23151486802156995,276.6,False,14.285714285715917
2018-06-01,2018-06-15,14,call,283.0,0.06,0.07,0.065,0.19651329207323442,276.6,False,14.285714285715917
2018-06-01,2018-06-15,14,call,284.0,0.05,0.06,0.055,0.13995085722035228,276.6,False,14.285714285715917
2018-06-01,2018-06-15,14,call,285.0,0.04,0.05,0.045,0.0981276971948013,276.6,False,14.285714285715917
2018-06-01,2018-06-15,14,call,286.0,0.03,0.04,0.035,0.06773231711722794,276.6,False,14.285714285715917
2018-06-01,2018-06-15,14,call,287.0,0.02,0.03,0.025,0.04602078075758875,276.6,False,14.285714285715917
2018-06-01,2018-06-15,14,call,287.5,0.02,0.03,0.025,0.03771006408633237,276.6,False,14.285714285715917
2018-06-01,2018-06-15,14,call,288.0,0.02,0.03,0.025,0.03077796891144402,276.6,False,14.285714285715917
2018-06-01,2018-06-15,14,call,289.0,0.01,0.02,0.015,0.020259841668322398,276.6,False,14.285714285715917
2018-06-01,2018-06-15,14,call,290.0,0.01,0.02,0.015,0.013125979175473645,276.6,False,14.285714285715917
2018-06-01,2018-06-15,14,call,291.0,0.01,0.02,0.015,0.008369952588811236,276.6,False,14.285714285715917
2018-06-01,2018-06-15,14,call,292.0,0.01,0.02,0.015,0.005253054721997663,276.6,False,14.285714285715917
2018-06-01,2018-06-15,14,call,292.5,0.01,0.02,0.015,0.004136853320255374,276.6,False,14.285714285715917
2018-06-01,2018-06-15,14,call,293.0,0.01,0.02,0.015,0.0032449342341719922,276.6,False,14.285714285715917
2018-06-01,2018-06-15,14,call,294.0,0.0,0.01,0.005,0.001972955042578328,276.6,False,14.285714285715917
2018-06-01,2018-06-15,14,call,295.0,0.0,0.01,0.005,0.0011807621912431898,276.6,False,14.285714285715917
2018-06-01,2018-06-15,14,call,296.0,0.0,0.01,0.005,0.0006956042433348825,276.6,False,14.285714285715917
2018-06-01,2018-06-15,14,call,297.0,0.0,0.01,0.005,0.00040340441397944404,276.6,False,14.285714285715917
2018-06-01,2018-06-15,14,call,298.0,0.0,0.01,0.005,0.0002303164575423941,276.6,False,14.285714285715917
2018-06-01,2018-06-15,14,call,299.0,0.0,0.01,0.005,0.00012946288806243642,276.6,False,14.285714285715917
2018-06-01,2018-06-15,14,call,300.0,0.0,0.01,0.005,7.165297303194859e-05,276.6,False,14.285714285715917
2018-06-01,2018-06-15,14,call,301.0,0.0,0.01,0.005,3.905050035012559e-05,276.6,False,14.285714285715917
2018-06-01,2018-06-15,14,call,302.0,0.0,0.01,0.005,2.0958457263182788e-05,276.6,False,14.285714285715917
2018-06-01,2018-06-15,14,call,303.0,0.0,0.01,0.005,1.1078245092099696e-05,276.6,False,14.285714285715917
2018-06-01,2018-06-15,14,call,304.0,0.0,0.01,0.005,5.767688151781924e-06,276.6,False,14.285714285715917
2018-06-01,2018-06-15,14,call,305.0,0.0,0.01,0.005,2.9579667670209765e-06,276.6,False,14.285714285715917
2018-06-01,2018-06-15,14,call,306.0,0.0,0.01,0.005,1.4944738452633702e-06,276.6,False,14.285714285715917
2018-06-01,2018-06-15,14,call,307.0,0.0,0.01,0.005,7.439276513667901e-07,276.6,False,14.285714285715917
2018-06-01,2018-06-15,14,call,308.0,0.0,0.01,0.005,3.6489272428372297e-07,276.6,False,14.285714285715917
2018-06-01,2018-06-15,14,call,309.0,0.0,0.01,0.005,1.763751608944831e-07,276.6,False,14.285714285715917
2018-06-01,2018-06-15,14,call,310.0,0.0,0.01,0.005,8.402210675750315e-08,276.6,False,14.285714285715917
2018-06-01,2018-06-15,14,call,311.0,0.0,0.01,0.005,3.945304962322021e-08,276.6,False,14.285714285715917
2018-06-01,2018-06-15,14,call,312.0,0.0,0.01,0.005,1.8261878300840152e-08,276.6,False,14.285714285715917
2018-06-01,2018-06-15,14,call,313.0,0.0,0.01,0.005,8.333672616683768e-09,276.6,False,14.285714285715917
2018-06-01,2018-06-15,14,call,314.0,0.0,0.01,0.005,3.749748722480673e-09,276.6,False,14.285714285715917
2018-06-01,2018-06-15,14,call,315.0,0.0,0.01,0.005,1.663753392717123e-09,276.6,False,14.285714285715917
2018-06-01,2018-06-15,14,call,316.0,0.0,0.01,0.005,7.280381484409992e-10,276.6,False,14.285714285715917
2018-06-01,2018-06-15,14,call,317.0,0.0,0.01,0.005,3.1421646440847285e-10,276.6,False,14.285714285715917
2018-06-01,2018-06-15,14,call,318.0,0.0,0.01,0.005,1.337823984207301e-10,276.6,False,14.285714285715917
2018-06-01,2018-06-15,14,call,319.0,0.0,0.01,0.005,5.619370153127792e-11,276.6,False,14.285714285715917
2018-06-01,2018-06-15,14,call,320.0,0.0,0.01,0.005,2.3278110232486146e-11,276.6,False,14.285714285715917
2018-06-01,2018-06-15,14,call,321.0,0.0,0.01,0.005,9.532784411792658e-12,276.6,False,14.285714285715917
2018-06-01,2018-06-15,14,call,322.0,0.0,0.01,0.005,3.8453867430957425e-12,276.6,False,14.285714285715917
2018-06-01,2018-06-15,14,call,323.0,0.0,0.01,0.005,1.5340282883637101e-12,276.6,False,14.285714285715917
2018-06-01,2018-06-15,14,call,324.0,0.0,0.01,0.005,5.874337653951639e-13,276.6,False,14.285714285715917
2018-06-01,2018-06-15,14,call,325.0,0.0,0.01,0.005,2.4002492028042856e-13,276.6,False,14.285714285715917
2018-06-01,2018-06-15,14,call,326.0,0.0,0.01,0.005,8.596878246207061e-14,276.6,False,14.285714285715917
2018-06-01,2018-06-15,14,call,327.0,0.0,0.01,0.005,2.3261412121339143e-14,276.6,False,14.285714285715917
2018-06-01,2018-06-15,14,call,328.0,0.0,0.01,0.005,2.120287577814269e-14,276.6,False,14.285714285715917
2018-06-01,2018-06-15,14,call,329.0,0.0,0.01,0.005,1.125598270011082e-14,276.6,False,14.285714285715917
2018-06-01,2018-06-15,14,call,330.0,0.0,0.01,0.005,7.837085269216602e-15,276.6,False,14.285714285715917
2018-06-01,2018-06-15,14,call,331.0,0.0,0.01,0.005,-8.362741919566581e-15,276.6,False,14.285714285715917
2018-06-01,2018-06-15,14,call,332.0,0.0,0.01,0.005,2.0313977550789526e-15,276.6,False,14.285714285715917
2018-06-01,2018-06-15,14,call,333.0,0.0,0.01,0.005,-6.656007062931252e-15,276.6,False,14.285714285715917
2018-06-01,2018-06-15,14,call,334.0,0.0,0.01,0.005,0.0,276.6,False,14.285714285715917
2018-06-01,2018-06-15,14,call,335.0,0.0,0.01,0.005,0.0,276.6,False,14.285714285715917
2018-06-01,2018-06-15,14,call,336.0,0.0,0.01,0.005,0.0,276.6,False,14.285714285715917
2018-06-01,2018-06-15,14,call,337.0,0.0,0.01,0.005,0.0,276.6,False,14.285714285715917
2018-06-01,2018-06-15,14,call,338.0,0.0,0.01,0.005,0.0,276.6,False,14.285714285715917
2018-06-01,2018-06-15,14,call,339.0,0.0,0.01,0.005,0.0,276.6,False,14.285714285715917
2018-06-01,2018-06-15,14,call,340.0,0.0,0.01,0.005,0.0,276.6,False,14.285714285715917
2018-06-01,2018-06-15,14,call,341.0,0.0,0.01,0.005,0.0,276.6,False,14.285714285715917
2018-06-01,2018-06-15,14,call,342.0,0.0,0.01,0.005,0.0,276.6,False,14.285714285715917
2018-06-01,2018-06-15,14,call,343.0,0.0,0.01,0.005,0.0,276.6,False,14.285714285715917
2018-06-01,2018-06-15,14,call,344.0,0.0,0.01,0.005,0.0,276.6,False,14.285714285715917
2018-06-01,2018-06-15,14,call,345.0,0.0,0.01,0.005,0.0,276.6,False,14.285714285715917
2018-06-01,2018-06-15,14,call,346.0,0.0,0.01,0.005,0.0,276.6,False,14.285714285715917
2018-06-01,2018-06-15,14,call,347.0,0.0,0.01,0.005,0.0,276.6,False,14.285714285715917
2018-06-01,2018-06-15,14,call,348.0,0.0,0.01,0.005,0.0,276.6,False,14.285714285715917
2018-06-01,2018-06-15,14,call,349.0,0.0,0.01,0.005,0.0,276.6,False,14.285714285715917
2018-06-01,2018-06-15,14,call,350.0,0.0,0.01,0.005,0.0,276.6,False,14.285714285715917
2018-06-01,2018-06-15,14,call,355.0,0.0,0.01,0.005,0.0,276.6,False,14.285714285715917
2018-06-01,2018-06-15,14,call,360.0,0.0,0.01,0.005,0.0,276.6,False,14.285714285715917
2018-06-01,2018-06-15,14,call,370.0,0.0,0.01,0.005,0.0,276.6,False,14.285714285715917
2018-06-01,2018-06-15,14,call,380.0,0.0,0.01,0.005,0.0,276.6,False,14.285714285715917
2018-06-01,2018-06-15,14,call,390.0,0.0,0.01,0.005,0.0,276.6,False,14.285714285715917
2018-06-01,2018-06-15,14,call,400.0,0.0,0.01,0.005,0.0,276.6,False,14.285714285715917
2018-06-01,2018-06-18,17,call,230.0,43.68,43.92,43.8,42.94499325927708,275.49,True,3.858447488584502
2018-06-01,2018-06-18,17,call,235.0,38.68,38.93,38.805,37.95662355718051,275.49,True,4.3422239402139144
2018-06-01,2018-06-18,17,call,240.0,33.7,33.95,33.825,32.96825465336431,275.49,True,4.922394678492258
2018-06-01,2018-06-18,17,call,245.0,28.71,28.97,28.84,27.97991970421674,275.49,True,5.721220527045802
2018-06-01,2018-06-18,17,call,250.0,23.75,24.0,23.875,22.992354912469267,275.49,True,6.764397905759201
2018-06-01,2018-06-18,17,call,255.0,18.78,19.04,18.91,18.014463397338687,275.49,True,8.35536753040724
2018-06-01,2018-06-18,17,call,256.0,17.8,18.04,17.92,17.02334699011496,275.49,True,8.761160714285756
2018-06-01,2018-06-18,17,call,257.0,16.81,17.05,16.93,16.03546950695241,275.49,True,9.214412285883103
2018-06-01,2018-06-18,17,call,258.0,15.83,16.07,15.95,15.05212854487391,275.49,True,9.655172413793165
2018-06-01,2018-06-18,17,call,259.0,14.85,15.09,14.969999999999999,14.074999898009224,275.49,True,10.153640614562526
2018-06-01,2018-06-18,17,call,260.0,13.88,14.12,14.0,13.10619086122918,275.49,True,10.642857142857208
2018-06-01,2018-06-18,17,call,261.0,12.9,13.14,13.02,12.148280668125807,275.49,True,11.290322580645235
2018-06-01,2018-06-18,17,call,262.0,11.94,12.17,12.055,11.204340376795813,275.49,True,11.90377436748245
2018-06-01,2018-06-18,17,call,263.0,10.98,11.21,11.095,10.277924672581292,275.49,True,12.573231185218642
2018-06-01,2018-06-18,17,call,264.0,10.02,10.25,10.135,9.37302926876356,275.49,True,13.369511593488006
2018-06-01,2018-06-18,17,call,265.0,9.09,9.3,9.195,8.494009922252445,275.49,True,14.083741163676006
2018-06-01,2018-06-18,17,call,265.5,8.62,8.83,8.725,8.065634619702735,275.49,True,14.498567335243662
2018-06-01,2018-06-18,17,call,266.0,8.16,8.37,8.265,7.645462428483228,275.49,True,14.821536600121094
2018-06-01,2018-06-18,17,call,266.5,7.69,7.91,7.800000000000001,7.234079771587631,275.49,True,15.256410256410364
2018-06-01,2018-06-18,17,call,267.0,7.28,7.4,7.34,6.832067008972103,275.49,True,15.667574931880235
2018-06-01,2018-06-18,17,call,267.5,6.84,6.95,6.895,6.439992210449844,275.49,True,15.88107324147947
2018-06-01,2018-06-18,17,call,268.0,6.39,6.51,6.449999999999999,6.058404775497337,275.49,True,16.12403100775209
2018-06-01,2018-06-18,17,call,268.5,5.95,6.07,6.01,5.687829020239036,275.49,True,16.306156405990173
2018-06-01,2018-06-18,17,call,269.0,5.53,5.64,5.585,5.3287578578877515,275.49,True,16.204118173679664
2018-06-01,2018-06-18,17,call,269.5,5.1,5.22,5.16,4.981646701397381,275.49,True,16.08527131782963
2018-06-01,2018-06-18,17,call,270.0,4.69,4.81,4.75,4.646907715835255,275.49,True,15.578947368421245
2018-06-01,2018-06-18,17,call,270.5,4.29,4.4,4.345000000000001,4.324904542941937,275.49,True,14.844649021864404
2018-06-01,2018-06-18,17,call,271.0,3.9,4.01,3.955,4.0159476116091355,275.49,True,13.52718078381818
2018-06-01,2018-06-18,17,call,271.5,3.52,3.63,3.575,3.7202901358014344,275.49,True,11.608391608391857
2018-06-01,2018-06-18,17,call,272.0,3.16,3.24,3.2,3.4381248861505185,275.49,True,9.062500000000279
2018-06-01,2018-06-18,17,call,272.5,2.82,2.9,2.86,3.1695818035498746,275.49,True,4.545454545454868
2018-06-01,2018-06-18,17,call,273.0,2.49,2.56,2.5250000000000004,2.914726503170641,275.49,False,4.545454545454868
2018-06-01,2018-06-18,17,call,273.5,2.19,2.25,2.2199999999999998,2.673559696071038,275.49,False,4.545454545454868
2018-06-01,2018-06-18,17,call,274.0,1.9,1.97,1.935,2.4460175336980683,275.49,False,4.545454545454868
2018-06-01,2018-06-18,17,call,274.5,1.64,1.69,1.665,2.2319728588091436,275.49,False,4.545454545454868
2018-06-01,2018-06-18,17,call,275.0,1.4,1.44,1.42,2.031237325386158,275.49,False,4.545454545454868
2018-06-01,2018-06-18,17,call,275.5,1.18,1.23,1.205,1.8435643306417262,275.49,False,4.545454545454868
2018-06-01,2018-06-18,17,call,276.0,1.0,1.03,1.0150000000000001,1.668652684821609,275.49,False,4.545454545454868
2018-06-01,2018-06-18,17,call,276.5,0.82,0.86,0.84,1.5061509296880047,275.49,False,4.545454545454868
2018-06-01,2018-06-18,17,call,277.0,0.67,0.7,0.685,1.3556622047129565,275.49,False,4.545454545454868
2018-06-01,2018-06-18,17,call,277.5,0.54,0.58,0.56,1.2167495513818807,275.49,False,4.545454545454868
2018-06-01,2018-06-18,17,call,278.0,0.44,0.47,0.45499999999999996,1.0889415407402652,275.49,False,4.545454545454868
2018-06-01,2018-06-18,17,call,278.5,0.35,0.38,0.365,0.9717381074171314,275.49,False,4.545454545454868
2018-06-01,2018-06-18,17,call,279.0,0.28,0.31,0.29500000000000004,0.8646164747098197,275.49,False,4.545454545454868
2018-06-01,2018-06-18,17,call,279.5,0.23,0.25,0.24,0.7670370596928464,275.49,False,4.545454545454868
2018-06-01,2018-06-18,17,call,280.0,0.19,0.21,0.2,0.6784492543985294,275.49,False,4.545454545454868
2018-06-01,2018-06-18,17,call,280.5,0.15,0.17,0.16,0.5982969885090057,275.49,False,4.545454545454868
2018-06-01,2018-06-18,17,call,281.0,0.12,0.14,0.13,0.5260239902572863,275.49,False,4.545454545454868
2018-06-01,2018-06-18,17,call,282.0,0.08,0.1,0.09,0.40291860338395935,275.49,False,4.545454545454868
2018-06-01,2018-06-18,17,call,283.0,0.06,0.07,0.065,0.30485357916832,275.49,False,4.545454545454868
2018-06-01,2018-06-18,17,call,284.0,0.05,0.06,0.055,0.22781111998170545,275.49,False,4.545454545454868
2018-06-01,2018-06-18,17,call,285.0,0.04,0.05,0.045,0.16812173557285526,275.49,False,4.545454545454868
2018-06-01,2018-06-18,17,call,290.0,0.01,0.02,0.015,0.030430205697164148,275.49,False,4.545454545454868
2018-06-01,2018-06-18,17,call,295.0,0.0,0.01,0.005,0.004001963255434227,275.49,False,4.545454545454868
2018-06-01,2018-06-20,19,call,230.0,43.68,43.9,43.79,43.00785177376372,276.27,True,5.66339346882846
2018-06-01,2018-06-20,19,call,235.0,38.7,38.92,38.81,38.02084860821836,276.27,True,6.338572532852305
2018-06-01,2018-06-20,19,call,240.0,33.72,33.92,33.82,33.033848460268274,276.27,True,7.244234180957958
2018-06-01,2018-06-20,19,call,245.0,28.74,28.94,28.84,28.046937122121335,276.27,True,8.425797503467344
2018-06-01,2018-06-20,19,call,250.0,23.75,23.97,23.86,23.06151186300545,276.27,True,10.100586756077043
2018-06-01,2018-06-20,19,call,255.0,18.8,19.01,18.905,18.09069999662026,276.27,True,12.50991801110807
2018-06-01,2018-06-20,19,call,256.0,17.82,18.04,17.93,17.102558383589752,276.27,True,13.050752928053441
2018-06-01,2018-06-20,19,call,257.0,16.83,17.04,16.935,16.11848843612674,276.27,True,13.788012990847259
2018-06-01,2018-06-20,19,call,258.0,15.86,16.06,15.959999999999999,15.139927343372818,276.27,True,14.473684210526208
2018-06-01,2018-06-20,19,call,259.0,14.88,15.08,14.98,14.168670648201527,276.27,True,15.287049399198807
2018-06-01,2018-06-20,19,call,260.0,13.91,14.1,14.004999999999999,13.206907760091639,276.27,True,16.172795430203376
2018-06-01,2018-06-20,19,call,261.0,12.93,13.13,13.030000000000001,12.257243245293182,276.27,True,17.191097467382814
2018-06-01,2018-06-20,19,call,262.0,11.97,12.16,12.065000000000001,11.3226983360843,276.27,True,18.276004973062417
2018-06-01,2018-06-20,19,call,263.0,11.0,11.2,11.1,10.406687711857074,276.27,True,19.54954954954939
2018-06-01,2018-06-20,19,call,264.0,10.06,10.25,10.155000000000001,9.512967945847919,276.27,True,20.827178729689617
2018-06-01,2018-06-20,19,call,265.0,9.12,9.31,9.215,8.64555605210731,276.27,True,22.30059685295694
2018-06-01,2018-06-20,19,call,265.5,8.66,8.84,8.75,8.223015476520828,276.27,True,23.08571428571408
2018-06-01,2018-06-20,19,call,266.0,8.2,8.38,8.29,7.808619163194095,276.27,True,23.88419782870908
2018-06-01,2018-06-20,19,call,266.5,7.74,7.92,7.83,7.402889244959226,276.27,True,24.77650063856937
2018-06-01,2018-06-20,19,call,267.0,7.32,7.44,7.380000000000001,7.006339266307208,276.27,True,25.609756097560716
2018-06-01,2018-06-20,19,call,267.5,6.87,6.99,6.93,6.619469097271605,276.27,True,26.551226551226293
2018-06-01,2018-06-20,19,call,268.0,6.43,6.54,6.484999999999999,6.242759787501058,276.27,True,27.525057825751464
2018-06-01,2018-06-20,19,call,268.5,5.99,6.11,6.050000000000001,5.876668449918441,276.27,True,28.429752066115388
2018-06-01,2018-06-20,19,call,269.0,5.57,5.68,5.625,5.521623266054888,276.27,True,29.244444444444124
2018-06-01,2018-06-20,19,call,269.5,5.14,5.26,5.199999999999999,5.178018705468503,276.27,True,30.192307692307363
2018-06-01,2018-06-20,19,call,270.0,4.74,4.84,4.79,4.846211049548458,276.27,True,30.89770354906016
2018-06-01,2018-06-20,19,call,270.5,4.34,4.44,4.390000000000001,4.526514305475246,276.27,True,31.43507972665105
2018-06-01,2018-06-20,19,call,271.0,3.95,4.05,4.0,4.2191965892404255,276.27,True,31.749999999999545
2018-06-01,2018-06-20,19,call,271.5,3.57,3.67,3.62,3.9244770476176143,276.27,True,31.767955801104463
2018-06-01,2018-06-20,19,call,272.0,3.22,3.28,3.25,3.642523378062691,276.27,True,31.384615384614822
2018-06-01,2018-06-20,19,call,272.5,2.87,2.95,2.91,3.37344999302627,276.27,True,29.553264604810366
2018-06-01,2018-06-20,19,call,273.0,2.55,2.61,2.58,3.1173168614662643,276.27,True,26.74418604651092
2018-06-01,2018-06-20,19,call,273.5,2.24,2.3,2.27,2.8741290458551134,276.27,True,22.02643171806087
2018-06-01,2018-06-20,19,call,274.0,1.95,2.01,1.98,2.643836938130235,276.27,True,14.646464646463727
2018-06-01,2018-06-20,19,call,274.5,1.68,1.74,1.71,2.4263371832766296,276.27,True,3.5087719298234994
2018-06-01,2018-06-20,19,call,275.0,1.44,1.49,1.4649999999999999,2.2214742649892685,276.27,False,3.5087719298234994
2018-06-01,2018-06-20,19,call,275.5,1.22,1.27,1.245,2.0290427145464633,276.27,False,3.5087719298234994
2018-06-01,2018-06-20,19,call,276.0,1.02,1.07,1.045,1.8487898919996013,276.27,False,3.5087719298234994
2018-06-01,2018-06-20,19,call,276.5,0.85,0.89,0.87,1.6804192783580447,276.27,False,3.5087719298234994
2018-06-01,2018-06-20,19,call,277.0,0.7,0.74,0.72,1.5235942088725096,276.27,False,3.5087719298234994
2018-06-01,2018-06-20,19,call,277.5,0.57,0.61,0.59,1.3779419709697578,276.27,False,3.5087719298234994
2018-06-01,2018-06-20,19,call,278.0,0.46,0.5,0.48,1.243058185974803,276.27,False,3.5087719298234994
2018-06-01,2018-06-20,19,call,278.5,0.37,0.4,0.385,1.118511391501258,276.27,False,3.5087719298234994
2018-06-01,2018-06-20,19,call,279.0,0.3,0.33,0.315,1.003847741257772,276.27,False,3.5087719298234994
2018-06-01,2018-06-20,19,call,279.5,0.24,0.27,0.255,0.8985957409003476,276.27,False,3.5087719298234994
2018-06-01,2018-06-20,19,call,280.0,0.2,0.22,0.21000000000000002,0.8022709422892689,276.27,False,3.5087719298234994
2018-06-01,2018-06-20,19,call,280.5,0.16,0.18,0.16999999999999998,0.7143805238777361,276.27,False,3.5087719298234994
2018-06-01,2018-06-20,19,call,281.0,0.13,0.15,0.14,0.6344276917045164,276.27,False,3.5087719298234994
2018-06-01,2018-06-20,19,call,282.0,0.09,0.11,0.1,0.49635244558785274,276.27,False,3.5087719298234994
2018-06-01,2018-06-20,19,call,283.0,0.07,0.08,0.07500000000000001,0.38414217130978656,276.27,False,3.5087719298234994
2018-06-01,2018-06-20,19,call,284.0,0.05,0.06,0.055,0.2940638930088433,276.27,False,3.5087719298234994
2018-06-01,2018-06-20,19,call,285.0,0.04,0.05,0.045,0.2226385082431328,276.27,False,3.5087719298234994
2018-06-01,2018-06-20,19,call,290.0,0.01,0.02,0.015,0.04683669068134755,276.27,False,3.5087719298234994
2018-06-01,2018-06-20,19,call,295.0,0.0,0.01,0.005,0.0074327362914020645,276.27,False,3.5087719298234994
2018-06-01,2018-06-20,19,call,300.0,0.0,0.01,0.005,0.0008907010334293503,276.27,False,3.5087719298234994
2018-06-01,2018-06-22,21,call,210.0,63.66,63.85,63.754999999999995,63.0132414969064,275.66,True,2.988000941102705
2018-06-01,2018-06-22,21,call,215.0,58.67,58.87,58.769999999999996,58.02760438968991,275.66,True,3.2159264931087783
2018-06-01,2018-06-22,21,call,220.0,53.68,53.87,53.775,53.04196728247351,275.66,True,3.5053463505346842
2018-06-01,2018-06-22,21,call,225.0,48.67,48.89,48.78,48.05633017528538,275.66,True,3.854038540385453
2018-06-01,2018-06-22,21,call,230.0,43.7,43.9,43.8,43.07069307162874,275.66,True,4.2465753424658175
2018-06-01,2018-06-22,21,call,232.5,41.19,41.41,41.3,40.57787454631685,275.66,True,4.503631961259147
2018-06-01,2018-06-22,21,call,235.0,38.71,38.91,38.81,38.085056205188835,275.66,True,4.766812677145124
2018-06-01,2018-06-22,21,call,237.5,36.22,36.42,36.32,35.59223903099601,275.66,True,5.066079295154253
2018-06-01,2018-06-22,21,call,240.0,33.73,33.94,33.834999999999994,33.09942825663629,275.66,True,5.393822964386084
2018-06-01,2018-06-22,21,call,242.5,31.23,31.45,31.34,30.606647992362383,275.66,True,5.8072750478622375
2018-06-01,2018-06-22,21,call,245.0,28.75,28.95,28.85,28.11399467688608,275.66,True,6.273830155979285
2018-06-01,2018-06-22,21,call,247.5,26.25,26.47,26.36,25.621804186272158,275.66,True,6.828528072837729
2018-06-01,2018-06-22,21,call,250.0,23.77,23.98,23.875,23.131097711097397,275.66,True,7.476439790576022
2018-06-01,2018-06-22,21,call,251.0,22.79,22.99,22.89,22.135744951017017,275.66,True,7.7326343381390314
2018-06-01,2018-06-22,21,call,252.0,21.8,22.01,21.905,21.14132595904701,275.66,True,8.01186943620189
2018-06-01,2018-06-22,21,call,252.5,21.3,21.51,21.405,20.644591394817184,275.66,True,8.199018920813005
2018-06-01,2018-06-22,21,call,253.0,20.8,21.02,20.91,20.14825722682056,275.66,True,8.369201339072333
2018-06-01,2018-06-22,21,call,254.0,19.82,20.02,19.92,19.157103598266787,275.66,True,8.734939759036262
2018-06-01,2018-06-22,21,call,255.0,18.84,19.04,18.939999999999998,18.168614742720763,275.66,True,9.081309398099407
2018-06-01,2018-06-22,21,call,255.5,18.34,18.54,18.439999999999998,17.67566403281532,275.66,True,9.32754880694158
2018-06-01,2018-06-22,21,call,256.0,17.84,18.05,17.945,17.183764333975603,275.66,True,9.556979660072582
2018-06-01,2018-06-22,21,call,256.5,17.36,17.56,17.46,16.693078888286834,275.66,True,9.736540664375854
2018-06-01,2018-06-22,21,call,257.0,16.87,17.06,16.965,16.203789808430457,275.66,True,9.991158267020484
2018-06-01,2018-06-22,21,call,257.5,16.38,16.58,16.479999999999997,15.71609914048338,275.66,True,10.194174757281726
2018-06-01,2018-06-22,21,call,258.0,15.89,16.09,15.99,15.230229804596178,275.66,True,10.444027517198403
2018-06-01,2018-06-22,21,call,258.5,15.39,15.6,15.495000000000001,14.746426380734363,275.66,True,10.745401742497734
2018-06-01,2018-06-22,21,call,259.0,14.92,15.11,15.015,14.264955705993543,275.66,True,10.955710955711117
2018-06-01,2018-06-22,21,call,259.5,14.43,14.62,14.524999999999999,13.786107250129362,275.66,True,11.256454388984691
2018-06-01,2018-06-22,21,call,260.0,13.93,14.13,14.030000000000001,13.31019323697538,275.66,True,11.617961511047923
2018-06-01,2018-06-22,21,call,260.5,13.46,13.65,13.555,12.837548481407936,275.66,True,11.840649206934897
2018-06-01,2018-06-22,21,call,261.0,12.98,13.17,13.075,12.368529914511754,275.66,True,12.122370936902684
2018-06-01,2018-06-22,21,call,261.5,12.5,12.67,12.585,11.903515773596013,275.66,True,12.514898688915565
2018-06-01,2018-06-22,21,call,262.0,12.02,12.19,12.105,11.442904438695791,275.66,True,12.845931433292233
2018-06-01,2018-06-22,21,call,262.5,11.54,11.7,11.62,10.987112903094783,275.66,True,13.253012048192994
2018-06-01,2018-06-22,21,call,263.0,11.06,11.21,11.135000000000002,10.536574872135617,275.66,True,13.69555455770115
2018-06-01,2018-06-22,21,call,263.5,10.59,10.73,10.66,10.091738491994988,275.66,True,14.07129455909967
2018-06-01,2018-06-22,21,call,264.0,10.12,10.26,10.19,9.65306371804067,275.66,True,14.425907752698974
2018-06-01,2018-06-22,21,call,264.5,9.65,9.79,9.719999999999999,9.221019340645682,275.66,True,14.814814814815087
2018-06-01,2018-06-22,21,call,265.0,9.19,9.32,9.254999999999999,8.796079694699358,275.66,True,15.18098325229634
2018-06-01,2018-06-22,21,call,265.5,8.72,8.9,8.81,8.378721087285555,275.66,True,15.323496027242047
2018-06-01,2018-06-22,21,call,266.0,8.27,8.43,8.35,7.96941798584993,275.66,True,15.688622754491321
2018-06-01,2018-06-22,21,call,266.5,7.85,7.95,7.9,7.568639016399487,275.66,True,15.949367088607907
2018-06-01,2018-06-22,21,call,267.0,7.4,7.49,7.445,7.1768428276396605,275.66,True,16.319677635997646
2018-06-01,2018-06-22,21,call,267.5,6.95,7.04,6.995,6.794473882229397,275.66,True,16.6547533952827
2018-06-01,2018-06-22,21,call,268.0,6.51,6.6,6.555,6.421958240333765,275.66,True,16.857360793287953
2018-06-01,2018-06-22,21,call,268.5,6.08,6.16,6.12,6.059699403216399,275.66,True,16.993464052287987
2018-06-01,2018-06-22,21,call,269.0,5.66,5.74,5.7,5.708074285628754,275.66,True,16.84210526315833
2018-06-01,2018-06-22,21,call,269.5,5.24,5.32,5.28,5.367429385139076,275.66,True,16.666666666667133
2018-06-01,2018-06-22,21,call,270.0,4.83,4.91,4.87,5.0380772142935655,275.66,True,16.221765913758208
2018-06-01,2018-06-22,21,call,270.5,4.44,4.51,4.475,4.720293057638003,275.66,True,15.307262569832968
2018-06-01,2018-06-22,21,call,271.0,4.05,4.13,4.09,4.414312110236693,275.66,True,13.936430317849027
2018-06-01,2018-06-22,21,call,271.5,3.7,3.74,3.72,4.120327047538495,275.66,True,11.827956989247978
2018-06-01,2018-06-22,21,call,272.0,3.33,3.4,3.365,3.8384860684356,275.66,True,8.766716196137438
2018-06-01,2018-06-22,21,call,272.5,2.98,3.05,3.0149999999999997,3.5688914443471447,275.66,True,4.809286898839979
2018-06-01,2018-06-22,21,call,273.0,2.67,2.71,2.69,3.311598597393214,275.66,False,4.809286898839979
2018-06-01,2018-06-22,21,call,273.5,2.35,2.4,2.375,3.0666157204605327,275.66,False,4.809286898839979
2018-06-01,2018-06-22,21,call,274.0,2.05,2.11,2.08,2.833903941489794,275.66,False,4.809286898839979
2018-06-01,2018-06-22,21,call,274.5,1.79,1.84,1.815,2.613378023911679,275.66,False,4.809286898839979
2018-06-01,2018-06-22,21,call,275.0,1.54,1.59,1.565,2.4049075851017108,275.66,False,4.809286898839979
2018-06-01,2018-06-22,21,call,275.5,1.31,1.35,1.33,2.208318805275397,275.66,False,4.809286898839979
2018-06-01,2018-06-22,21,call,276.0,1.11,1.15,1.13,2.0233965906345617,275.66,False,4.809286898839979
2018-06-01,2018-06-22,21,call,276.5,0.93,0.97,0.95,1.8498871470090563,275.66,False,4.809286898839979
2018-06-01,2018-06-22,21,call,277.0,0.77,0.81,0.79,1.6875009138810242,275.66,False,4.809286898839979
2018-06-01,2018-06-22,21,call,277.5,0.64,0.67,0.655,1.535915803652145,275.66,False,4.809286898839979
2018-06-01,2018-06-22,21,call,278.0,0.52,0.55,0.535,1.394780687398935,275.66,False,4.809286898839979
2018-06-01,2018-06-22,21,call,278.5,0.42,0.45,0.435,1.2637190661918112,275.66,False,4.809286898839979
2018-06-01,2018-06-22,21,call,279.0,0.34,0.37,0.355,1.1423328663178154,275.66,False,4.809286898839979
2018-06-01,2018-06-22,21,call,279.5,0.28,0.3,0.29000000000000004,1.0302062973970436,275.66,False,4.809286898839979
2018-06-01,2018-06-22,21,call,280.0,0.23,0.25,0.24,0.9269097143263991,275.66,False,4.809286898839979
2018-06-01,2018-06-22,21,call,280.5,0.18,0.2,0.19,0.8320034271036221,275.66,False,4.809286898839979
2018-06-01,2018-06-22,21,call,281.0,0.15,0.17,0.16,0.745041406728312,275.66,False,4.809286898839979
2018-06-01,2018-06-22,21,call,282.0,0.1,0.12,0.11,0.5931554947574185,275.66,False,4.809286898839979
2018-06-01,2018-06-22,21,call,282.5,0.09,0.11,0.1,0.5273388526136173,275.66,False,4.809286898839979
2018-06-01,2018-06-22,21,call,283.0,0.08,0.09,0.08499999999999999,0.46768699403045133,275.66,False,4.809286898839979
2018-06-01,2018-06-22,21,call,284.0,0.06,0.07,0.065,0.36517426657971797,275.66,False,4.809286898839979
2018-06-01,2018-06-22,21,call,285.0,0.05,0.06,0.055,0.2823374760955666,275.66,False,4.809286898839979
2018-06-01,2018-06-22,21,call,287.5,0.03,0.04,0.035,0.14208578618687007,275.66,False,4.809286898839979
2018-06-01,2018-06-22,21,call,290.0,0.02,0.03,0.025,0.06716034628813361,275.66,False,4.809286898839979
2018-06-01,2018-06-22,21,call,292.5,0.01,0.02,0.015,0.029805743447281152,275.66,False,4.809286898839979
2018-06-01,2018-06-22,21,call,295.0,0.01,0.02,0.015,0.012419226038687281,275.66,False,4.809286898839979
2018-06-01,2018-06-22,21,call,297.5,0.0,0.01,0.005,0.004859502670757965,275.66,False,4.809286898839979
2018-06-01,2018-06-22,21,call,300.0,0.0,0.01,0.005,0.0017863942945666178,275.66,False,4.809286898839979
2018-06-01,2018-06-22,21,call,302.5,0.0,0.01,0.005,0.0006173171177596831,275.66,False,4.809286898839979
2018-06-01,2018-06-22,21,call,305.0,0.0,0.01,0.005,0.00020067747491012491,275.66,False,4.809286898839979
2018-06-01,2018-06-22,21,call,307.5,0.0,0.01,0.005,6.141946591652243e-05,275.66,False,4.809286898839979
2018-06-01,2018-06-25,24,call,225.0,48.68,48.89,48.785,48.14851137137066,273.44,False,4.809286898839979
2018-06-01,2018-06-25,24,call,230.0,43.68,43.9,43.79,43.16492276806977,273.44,False,4.809286898839979
2018-06-01,2018-06-25,24,call,235.0,38.69,38.91,38.8,38.181335490752076,273.44,False,4.809286898839979
2018-06-01,2018-06-25,24,call,240.0,33.71,33.93,33.82,33.19778077882802,273.44,False,4.809286898839979
2018-06-01,2018-06-25,24,call,245.0,28.73,28.95,28.84,28.214721365507984,273.44,False,4.809286898839979
2018-06-01,2018-06-25,24,call,250.0,23.78,23.99,23.884999999999998,23.236458451061566,273.44,False,4.809286898839979
2018-06-01,2018-06-25,24,call,255.0,18.84,19.04,18.939999999999998,18.288530990393326,273.44,False,4.809286898839979
2018-06-01,2018-06-25,24,call,257.0,16.86,17.08,16.97,16.33555241357368,273.44,False,4.809286898839979
2018-06-01,2018-06-25,24,call,258.0,15.88,16.09,15.985,15.36968974345146,273.44,False,4.809286898839979
2018-06-01,2018-06-25,24,call,259.0,14.92,15.11,15.015,14.413380356949574,273.44,False,4.809286898839979
2018-06-01,2018-06-25,24,call,260.0,13.95,14.14,14.045,13.4688463429803,273.44,False,4.809286898839979
2018-06-01,2018-06-25,24,call,261.0,12.98,13.17,13.075,12.538601427774722,273.44,False,4.809286898839979
2018-06-01,2018-06-25,24,call,262.0,12.01,12.21,12.11,11.62542989815671,273.44,False,4.809286898839979
2018-06-01,2018-06-25,24,call,263.0,11.06,11.26,11.16,10.732349040467682,273.44,False,4.809286898839979
2018-06-01,2018-06-25,24,call,264.0,10.13,10.31,10.22,9.862554650429047,273.44,False,4.809286898839979
2018-06-01,2018-06-25,24,call,265.0,9.19,9.38,9.285,9.01935038820335,273.44,False,4.809286898839979
2018-06-01,2018-06-25,24,call,266.0,8.31,8.43,8.370000000000001,8.206063068457553,273.44,False,4.809286898839979
2018-06-01,2018-06-25,24,call,267.0,7.41,7.52,7.465,7.425947262308739,273.44,False,4.809286898839979
2018-06-01,2018-06-25,24,call,268.0,6.53,6.65,6.59,6.682083711586586,273.44,False,4.809286898839979
2018-06-01,2018-06-25,24,call,268.5,6.1,6.22,6.16,6.324636447152244,273.44,False,4.809286898839979
2018-06-01,2018-06-25,24,call,269.0,5.67,5.79,5.73,5.977276887477899,273.44,False,4.809286898839979
2018-06-01,2018-06-25,24,call,269.5,5.28,5.37,5.325,5.640296406561021,273.44,False,4.809286898839979
2018-06-01,2018-06-25,24,call,270.0,4.87,4.96,4.915,5.313957460675397,273.44,False,4.809286898839979
2018-06-01,2018-06-25,24,call,270.5,4.48,4.56,4.52,4.998491209170851,273.44,False,4.809286898839979
2018-06-01,2018-06-25,24,call,271.0,4.09,4.18,4.135,4.694095422542517,273.44,False,4.809286898839979
2018-06-01,2018-06-25,24,call,271.5,3.72,3.79,3.755,4.40093270944547,273.44,False,4.809286898839979
2018-06-01,2018-06-25,24,call,272.0,3.36,3.43,3.395,4.119129089074335,273.44,False,4.809286898839979
2018-06-01,2018-06-25,24,call,272.5,3.01,3.09,3.05,3.8487729295254383,273.44,False,4.809286898839979
2018-06-01,2018-06-25,24,call,273.0,2.69,2.76,2.7249999999999996,3.5899142665468275,273.44,False,4.809286898839979
2018-06-01,2018-06-25,24,call,273.5,2.38,2.45,2.415,3.342564510613755,273.44,False,4.809286898839979
2018-06-01,2018-06-25,24,call,274.0,2.09,2.15,2.12,3.1066965436950227,273.44,False,4.809286898839979
2018-06-01,2018-06-25,24,call,274.5,1.82,1.88,1.85,2.882245200553598,273.44,False,4.809286898839979
2018-06-01,2018-06-25,24,call,275.0,1.58,1.63,1.605,2.6691081231088845,273.44,False,4.809286898839979
2018-06-01,2018-06-25,24,call,275.5,1.35,1.4,1.375,2.467146970413765,273.44,False,4.809286898839979
2018-06-01,2018-06-25,24,call,276.0,1.15,1.2,1.1749999999999998,2.2761889613026796,273.44,False,4.809286898839979
2018-06-01,2018-06-25,24,call,276.5,0.96,1.02,0.99,2.0960287218603497,273.44,False,4.809286898839979
2018-06-01,2018-06-25,24,call,277.0,0.8,0.86,0.8300000000000001,1.9264304056355286,273.44,False,4.809286898839979
2018-06-01,2018-06-25,24,call,277.5,0.67,0.72,0.6950000000000001,1.767130051061585,273.44,False,4.809286898839979
2018-06-01,2018-06-25,24,call,278.0,0.55,0.59,0.5700000000000001,1.6178381378907716,273.44,False,4.809286898839979
2018-06-01,2018-06-25,24,call,278.5,0.45,0.49,0.47,1.478242302633916,273.44,False,4.809286898839979
2018-06-01,2018-06-25,24,call,279.0,0.37,0.41,0.39,1.3480101720283386,273.44,False,4.809286898839979
2018-06-01,2018-06-25,24,call,279.5,0.3,0.33,0.315,1.2267922734152705,273.44,False,4.809286898839979
2018-06-01,2018-06-25,24,call,280.0,0.25,0.28,0.265,1.1142249815598149,273.44,False,4.809286898839979
2018-06-01,2018-06-25,24,call,280.5,0.2,0.23,0.21500000000000002,1.0099334628363152,273.44,False,4.809286898839979
2018-06-01,2018-06-25,24,call,281.0,0.17,0.19,0.18,0.9135345797594638,273.44,False,4.809286898839979
2018-06-01,2018-06-25,24,call,282.0,0.11,0.14,0.125,0.7428575290173143,273.44,False,4.809286898839979
2018-06-01,2018-06-25,24,call,283.0,0.08,0.1,0.09,0.5990673613022679,273.44,False,4.809286898839979
2018-06-01,2018-06-25,24,call,285.0,0.05,0.07,0.060000000000000005,0.37988607430080634,273.44,False,4.809286898839979
2018-06-01,2018-06-25,24,call,290.0,0.02,0.04,0.03,0.10472999520477089,273.44,False,4.809286898839979
2018-06-01,2018-06-25,24,call,295.0,0.01,0.03,0.02,0.023252168838169496,273.44,False,4.809286898839979
2018-06-01,2018-06-27,26,call,225.0,48.68,48.88,48.78,48.20994446089685,272.26,False,4.809286898839979
2018-06-01,2018-06-27,26,call,230.0,43.69,43.89,43.79,43.22772111431752,272.26,False,4.809286898839979
2018-06-01,2018-06-27,26,call,235.0,38.69,38.91,38.8,38.245501134919266,272.26,False,4.809286898839979
2018-06-01,2018-06-27,26,call,240.0,33.71,33.93,33.82,33.26334680471277,272.26,False,4.809286898839979
2018-06-01,2018-06-27,26,call,245.0,28.75,28.95,28.85,28.282013743504365,272.26,False,4.809286898839979
2018-06-01,2018-06-27,26,call,250.0,23.79,24.0,23.895,23.307442696357953,272.26,False,4.809286898839979
2018-06-01,2018-06-27,26,call,255.0,18.86,19.05,18.955,18.370379232708814,272.26,False,4.809286898839979
2018-06-01,2018-06-27,26,call,257.0,16.9,17.1,17.0,16.425610988495123,272.26,False,4.809286898839979
2018-06-01,2018-06-27,26,call,258.0,15.91,16.12,16.015,15.464904821472828,272.26,False,4.809286898839979
2018-06-01,2018-06-27,26,call,259.0,14.94,15.15,15.045,14.51447043223277,272.26,False,4.809286898839979
2018-06-01,2018-06-27,26,call,260.0,13.99,14.18,14.085,13.576502085427592,272.26,False,4.809286898839979
2018-06-01,2018-06-27,26,call,261.0,13.03,13.22,13.125,12.653445876665927,272.26,False,4.809286898839979
2018-06-01,2018-06-27,26,call,262.0,12.07,12.26,12.165,11.747974983209446,272.26,False,4.809286898839979
2018-06-01,2018-06-27,26,call,263.0,11.13,11.32,11.225000000000001,10.862951059726925,272.26,False,4.809286898839979
2018-06-01,2018-06-27,26,call,264.0,10.19,10.38,10.285,10.001371852486926,272.26,False,4.809286898839979
2018-06-01,2018-06-27,26,call,265.0,9.27,9.45,9.36,9.16630607724963,272.26,False,4.809286898839979
2018-06-01,2018-06-27,26,call,266.0,8.38,8.5,8.440000000000001,8.360817611044666,272.26,False,4.809286898839979
2018-06-01,2018-06-27,26,call,267.0,7.49,7.61,7.550000000000001,7.587881993548791,272.26,False,4.809286898839979
2018-06-01,2018-06-27,26,call,268.0,6.62,6.74,6.68,6.850299025071138,272.26,False,4.809286898839979
2018-06-01,2018-06-27,26,call,268.5,6.2,6.31,6.255,6.495570183193905,272.26,False,4.809286898839979
2018-06-01,2018-06-27,26,call,269.0,5.8,5.89,5.845,6.150605799179004,272.26,False,4.809286898839979
2018-06-01,2018-06-27,26,call,269.5,5.38,5.48,5.43,5.815668503917323,272.26,False,4.809286898839979
2018-06-01,2018-06-27,26,call,270.0,4.99,5.07,5.03,5.490994752365651,272.26,False,4.809286898839979
2018-06-01,2018-06-27,26,call,270.5,4.59,4.68,4.635,5.176792848706754,272.26,False,4.809286898839979
2018-06-01,2018-06-27,26,call,271.0,4.21,4.29,4.25,4.873241212943867,272.26,False,4.809286898839979
2018-06-01,2018-06-27,26,call,271.5,3.84,3.92,3.88,4.580486913035685,272.26,False,4.809286898839979
2018-06-01,2018-06-27,26,call,272.0,3.48,3.56,3.52,4.2986444826062495,272.26,False,4.809286898839979
2018-06-01,2018-06-27,26,call,272.5,3.14,3.22,3.18,4.0277950398149756,272.26,False,4.809286898839979
2018-06-01,2018-06-27,26,call,273.0,2.82,2.89,2.855,3.7679857182444323,272.26,False,4.809286898839979
2018-06-01,2018-06-27,26,call,273.5,2.53,2.58,2.5549999999999997,3.51922941575819,272.26,False,4.809286898839979
2018-06-01,2018-06-27,26,call,274.0,2.22,2.28,2.25,3.2815048623131418,272.26,False,4.809286898839979
2018-06-01,2018-06-27,26,call,274.5,1.95,2.01,1.98,3.0547570027820683,272.26,False,4.809286898839979
2018-06-01,2018-06-27,26,call,275.0,1.71,1.76,1.7349999999999999,2.8388976860615145,272.26,False,4.809286898839979
2018-06-01,2018-06-27,26,call,275.5,1.48,1.52,1.5,2.6338066472076918,272.26,False,4.809286898839979
2018-06-01,2018-06-27,26,call,276.0,1.27,1.31,1.29,2.4393327651460766,272.26,False,4.809286898839979
2018-06-01,2018-06-27,26,call,276.5,1.08,1.13,1.105,2.2552955747256647,272.26,False,4.809286898839979
2018-06-01,2018-06-27,26,call,277.0,0.92,0.96,0.94,2.0814870085968664,272.26,False,4.809286898839979
2018-06-01,2018-06-27,26,call,277.5,0.77,0.82,0.7949999999999999,1.917673341645937,272.26,False,4.809286898839979
2018-06-01,2018-06-27,26,call,278.0,0.64,0.69,0.665,1.7635973085475598,272.26,False,4.809286898839979
2018-06-01,2018-06-27,26,call,278.5,0.53,0.58,0.5549999999999999,1.618980363434673,272.26,False,4.809286898839979
2018-06-01,2018-06-27,26,call,279.0,0.44,0.48,0.45999999999999996,1.4835250497337853,272.26,False,4.809286898839979
2018-06-01,2018-06-27,26,call,280.0,0.3,0.34,0.32,1.238829668761177,272.26,False,4.809286898839979
2018-06-01,2018-06-27,26,call,281.0,0.21,0.24,0.22499999999999998,1.0268472080377293,272.26,False,4.809286898839979
2018-06-01,2018-06-27,26,call,282.0,0.14,0.17,0.15500000000000003,0.8447698626606979,272.26,False,4.809286898839979
2018-06-01,2018-06-27,26,call,283.0,0.1,0.12,0.11,0.6897228384722993,272.26,False,4.809286898839979
2018-06-01,2018-06-27,26,call,285.0,0.06,0.08,0.07,0.4493034558426956,272.26,False,4.809286898839979
2018-06-01,2018-06-27,26,call,290.0,0.03,0.04,0.035,0.13422895579209637,272.26,False,4.809286898839979
2018-06-01,2018-06-27,26,call,295.0,0.01,0.03,0.02,0.032907643482244175,272.26,False,4.809286898839979
2018-06-01,2018-06-27,26,call,300.0,0.01,0.02,0.015,0.006620695041793967,272.26,False,4.809286898839979
2018-06-01,2018-06-29,28,call,130.0,143.56,143.78,143.67000000000002,142.90767508147704,272.12,False,4.809286898839979
2018-06-01,2018-06-29,28,call,135.0,138.56,138.78,138.67000000000002,137.9268164307646,272.12,False,4.809286898839979
2018-06-01,2018-06-29,28,call,140.0,133.58,133.79,133.685,132.94595778005217,272.12,False,4.809286898839979
2018-06-01,2018-06-29,28,call,145.0,128.57,128.79,128.68,127.96509912933976,272.12,False,4.809286898839979
2018-06-01,2018-06-29,28,call,150.0,123.59,123.8,123.695,122.98424047862733,272.12,False,4.809286898839979
2018-06-01,2018-06-29,28,call,155.0,118.59,118.8,118.695,118.00338182791492,272.12,False,4.809286898839979
2018-06-01,2018-06-29,28,call,160.0,113.59,113.8,113.695,113.02252317720249,272.12,False,4.809286898839979
2018-06-01,2018-06-29,28,call,165.0,108.59,108.81,108.7,108.04166452649005,272.12,False,4.809286898839979
2018-06-01,2018-06-29,28,call,170.0,103.61,103.81,103.71000000000001,103.06080587577765,272.12,False,4.809286898839979
2018-06-01,2018-06-29,28,call,171.0,102.61,102.81,102.71000000000001,102.06463414563515,272.12,False,4.809286898839979
2018-06-01,2018-06-29,28,call,172.0,101.61,101.82,101.715,101.06846241549266,272.12,False,4.809286898839979
2018-06-01,2018-06-29,28,call,173.0,100.61,100.82,100.715,100.0722906853502,272.12,False,4.809286898839979
2018-06-01,2018-06-29,28,call,174.0,99.6,99.82,99.71,99.0761189552077,272.12,False,4.809286898839979
2018-06-01,2018-06-29,28,call,175.0,98.6,98.82,98.71,98.07994722506521,272.12,False,4.809286898839979
2018-06-01,2018-06-29,28,call,176.0,97.6,97.82,97.71,97.08377549492275,272.12,False,4.809286898839979
2018-06-01,2018-06-29,28,call,177.0,96.6,96.82,96.71,96.08760376478025,272.12,False,4.809286898839979
2018-06-01,2018-06-29,28,call,178.0,95.6,95.82,95.71,95.09143203463776,272.12,False,4.809286898839979
2018-06-01,2018-06-29,28,call,179.0,94.61,94.82,94.715,94.09526030449527,272.12,False,4.809286898839979
2018-06-01,2018-06-29,28,call,180.0,93.62,93.82,93.72,93.0990885743528,272.12,False,4.809286898839979
2018-06-01,2018-06-29,28,call,181.0,92.62,92.82,92.72,92.10291684421031,272.12,False,4.809286898839979
2018-06-01,2018-06-29,28,call,182.0,91.62,91.83,91.725,91.10674511406782,272.12,False,4.809286898839979
2018-06-01,2018-06-29,28,call,183.0,90.62,90.83,90.725,90.11057338392533,272.12,False,4.809286898839979
2018-06-01,2018-06-29,28,call,184.0,89.61,89.83,89.72,89.11440165378286,272.12,False,4.809286898839979
2018-06-01,2018-06-29,28,call,185.0,88.61,88.83,88.72,88.11822992364037,272.12,False,4.809286898839979
2018-06-01,2018-06-29,28,call,186.0,87.61,87.83,87.72,87.12205819349788,272.12,False,4.809286898839979
2018-06-01,2018-06-29,28,call,187.0,86.61,86.83,86.72,86.12588646335541,272.12,False,4.809286898839979
2018-06-01,2018-06-29,28,call,188.0,85.62,85.83,85.725,85.12971473321292,272.12,False,4.809286898839979
2018-06-01,2018-06-29,28,call,189.0,84.62,84.83,84.725,84.13354300307043,272.12,False,4.809286898839979
2018-06-01,2018-06-29,28,call,190.0,83.63,83.83,83.72999999999999,83.13737127292794,272.12,False,4.809286898839979
2018-06-01,2018-06-29,28,call,191.0,82.63,82.83,82.72999999999999,82.14119954278547,272.12,False,4.809286898839979
2018-06-01,2018-06-29,28,call,192.0,81.63,81.84,81.735,81.14502781264298,272.12,False,4.809286898839979
2018-06-01,2018-06-29,28,call,193.0,80.62,80.84,80.73,80.14885608250049,272.12,False,4.809286898839979
2018-06-01,2018-06-29,28,call,194.0,79.63,79.85,79.74,79.15268435235802,272.12,False,4.809286898839979
2018-06-01,2018-06-29,28,call,195.0,78.62,78.84,78.73,78.15651262221553,272.12,False,4.809286898839979
2018-06-01,2018-06-29,28,call,196.0,77.62,77.84,77.73,77.16034089207304,272.12,False,4.809286898839979
2018-06-01,2018-06-29,28,call,197.0,76.63,76.84,76.735,76.16416916193054,272.12,False,4.809286898839979
2018-06-01,2018-06-29,28,call,198.0,75.64,75.84,75.74000000000001,75.16799743178808,272.12,False,4.809286898839979
2018-06-01,2018-06-29,28,call,199.0,74.64,74.84,74.74000000000001,74.17182570164559,272.12,False,4.809286898839979
2018-06-01,2018-06-29,28,call,200.0,73.64,73.85,73.745,73.1756539715031,272.12,False,4.809286898839979
2018-06-01,2018-06-29,28,call,201.0,72.64,72.85,72.745,72.17948224136063,272.12,False,4.809286898839979
2018-06-01,2018-06-29,28,call,202.0,71.63,71.85,71.74,71.18331051121814,272.12,False,4.809286898839979
2018-06-01,2018-06-29,28,call,203.0,70.63,70.85,70.74,70.18713878107565,272.12,False,4.809286898839979
2018-06-01,2018-06-29,28,call,204.0,69.63,69.85,69.74,69.19096705093315,272.12,False,4.809286898839979
2018-06-01,2018-06-29,28,call,205.0,68.64,68.85,68.745,68.19479532079069,272.12,False,4.809286898839979
2018-06-01,2018-06-29,28,call,206.0,67.65,67.85,67.75,67.1986235906482,272.12,False,4.809286898839979
2018-06-01,2018-06-29,28,call,207.0,66.65,66.85,66.75,66.2024518605057,272.12,False,4.809286898839979
2018-06-01,2018-06-29,28,call,208.0,65.65,65.86,65.755,65.20628013036324,272.12,False,4.809286898839979
2018-06-01,2018-06-29,28,call,209.0,64.64,64.86,64.75,64.21010840022078,272.12,False,4.809286898839979
2018-06-01,2018-06-29,28,call,210.0,63.65,63.87,63.76,63.21393667007831,272.12,False,4.809286898839979
2018-06-01,2018-06-29,28,call,211.0,62.64,62.86,62.75,62.21776493993579,272.12,False,4.809286898839979
2018-06-01,2018-06-29,28,call,212.0,61.64,61.86,61.75,61.221593209793355,272.12,False,4.809286898839979
2018-06-01,2018-06-29,28,call,213.0,60.66,60.86,60.76,60.22542147965092,272.12,False,4.809286898839979
2018-06-01,2018-06-29,28,call,214.0,59.66,59.86,59.76,59.22924974950877,272.12,False,4.809286898839979
2018-06-01,2018-06-29,28,call,215.0,58.66,58.87,58.765,58.2330780193669,272.12,False,4.809286898839979
2018-06-01,2018-06-29,28,call,216.0,57.65,57.87,57.76,57.236906289226255,272.12,False,4.809286898839979
2018-06-01,2018-06-29,28,call,217.0,56.65,56.87,56.76,56.24073455908848,272.12,False,4.809286898839979
2018-06-01,2018-06-29,28,call,218.0,55.66,55.87,55.765,55.24456282895781,272.12,False,4.809286898839979
2018-06-01,2018-06-29,28,call,219.0,54.67,54.87,54.769999999999996,54.24839109884471,272.12,False,4.809286898839979
2018-06-01,2018-06-29,28,call,220.0,53.67,53.87,53.769999999999996,53.25221936877344,272.12,False,4.809286898839979
2018-06-01,2018-06-29,28,call,221.0,52.66,52.88,52.769999999999996,52.25604763879974,272.12,False,4.809286898839979
2018-06-01,2018-06-29,28,call,222.0,51.66,51.88,51.769999999999996,51.25987590904927,272.12,False,4.809286898839979
2018-06-01,2018-06-29,28,call,223.0,50.67,50.88,50.775000000000006,50.263704179798594,272.12,False,4.809286898839979
2018-06-01,2018-06-29,28,call,224.0,49.68,49.88,49.78,49.267532451643376,272.12,False,4.809286898839979
2018-06-01,2018-06-29,28,call,225.0,48.68,48.89,48.785,48.27136072584082,272.12,False,4.809286898839979
2018-06-01,2018-06-29,28,call,226.0,47.68,47.89,47.785,47.27518900498876,272.12,False,4.809286898839979
2018-06-01,2018-06-29,28,call,227.0,46.67,46.89,46.78,46.279017294346346,272.12,False,4.809286898839979
2018-06-01,2018-06-29,28,call,228.0,45.69,45.89,45.79,45.28284560434608,272.12,False,4.809286898839979
2018-06-01,2018-06-29,28,call,229.0,44.68,44.9,44.79,44.28667395526978,272.12,False,4.809286898839979
2018-06-01,2018-06-29,28,call,230.0,43.68,43.9,43.79,43.29050238577091,272.12,False,4.809286898839979
2018-06-01,2018-06-29,28,call,231.0,42.7,42.9,42.8,42.294330968080175,272.12,False,4.809286898839979
2018-06-01,2018-06-29,28,call,232.0,41.7,41.9,41.8,41.29815983456987,272.12,False,4.809286898839979
2018-06-01,2018-06-29,28,call,233.0,40.69,40.91,40.8,40.30198922320088,272.12,False,4.809286898839979
2018-06-01,2018-06-29,28,call,234.0,39.71,39.91,39.81,39.305819553668016,272.12,False,4.809286898839979
2018-06-01,2018-06-29,28,call,235.0,38.7,38.92,38.81,38.309651552356485,272.12,False,4.809286898839979
2018-06-01,2018-06-29,28,call,236.0,37.7,37.92,37.81,37.31348645318724,272.12,False,4.809286898839979
2018-06-01,2018-06-29,28,call,237.0,36.72,36.92,36.82,36.3173263138267,272.12,False,4.809286898839979
2018-06-01,2018-06-29,28,call,238.0,35.72,35.93,35.825,35.32117450332197,272.12,False,4.809286898839979
2018-06-01,2018-06-29,28,call,239.0,34.73,34.93,34.83,34.32503643866542,272.12,False,4.809286898839979
2018-06-01,2018-06-29,28,call,240.0,33.72,33.94,33.83,33.328920674465195,272.12,False,4.809286898839979
2018-06-01,2018-06-29,28,call,241.0,32.74,32.94,32.84,32.33284048165527,272.12,False,4.809286898839979
2018-06-01,2018-06-29,28,call,242.0,31.73,31.95,31.84,31.336816087069565,272.12,False,4.809286898839979
2018-06-01,2018-06-29,28,call,243.0,30.74,30.95,30.845,30.3408777836554,272.12,False,4.809286898839979
2018-06-01,2018-06-29,28,call,244.0,29.76,29.97,29.865000000000002,29.345070157659876,272.12,False,4.809286898839979
2018-06-01,2018-06-29,28,call,245.0,28.76,28.97,28.865000000000002,28.349457709231103,272.12,False,4.809286898839979
2018-06-01,2018-06-29,28,call,246.0,27.76,27.98,27.87,27.35413215990161,272.12,False,4.809286898839979
2018-06-01,2018-06-29,28,call,247.0,26.77,26.98,26.875,26.359221736352936,272.12,False,4.809286898839979
2018-06-01,2018-06-29,28,call,248.0,25.78,25.99,25.884999999999998,25.364902685924932,272.12,False,4.809286898839979
2018-06-01,2018-06-29,28,call,249.0,24.79,25.0,24.895,24.37141320689247,272.12,False,4.809286898839979
2018-06-01,2018-06-29,28,call,250.0,23.81,24.01,23.91,23.37906985840189,272.12,False,4.809286898839979
2018-06-01,2018-06-29,28,call,251.0,22.83,23.03,22.93,22.388286346946614,272.12,False,4.809286898839979
2018-06-01,2018-06-29,28,call,252.0,21.83,22.04,21.935,21.399594368821482,272.12,False,4.809286898839979
2018-06-01,2018-06-29,28,call,253.0,20.86,21.05,20.955,20.41366592771425,272.12,False,4.809286898839979
2018-06-01,2018-06-29,28,call,254.0,19.88,20.07,19.975,19.431336257255538,272.12,False,4.809286898839979
2018-06-01,2018-06-29,28,call,255.0,18.9,19.09,18.994999999999997,18.453626181224536,272.12,False,4.809286898839979
2018-06-01,2018-06-29,28,call,256.0,17.92,18.11,18.015,17.48176246726092,272.12,False,4.809286898839979
2018-06-01,2018-06-29,28,call,257.0,16.95,17.14,17.045,16.517194506326575,272.12,False,4.809286898839979
2018-06-01,2018-06-29,28,call,258.0,15.97,16.16,16.065,15.561605514669253,272.12,False,4.809286898839979
2018-06-01,2018-06-29,28,call,259.0,15.01,15.2,15.105,14.6169164404387,272.12,False,4.809286898839979
2018-06-01,2018-06-29,28,call,260.0,14.05,14.24,14.145,13.685280889598914,272.12,False,4.809286898839979
2018-06-01,2018-06-29,28,call,261.0,13.1,13.28,13.19,12.769069680492635,272.12,False,4.809286898839979
2018-06-01,2018-06-29,28,call,262.0,12.15,12.33,12.24,11.870844093638823,272.12,False,4.809286898839979
2018-06-01,2018-06-29,28,call,263.0,11.21,11.39,11.3,10.993317486137187,272.12,False,4.809286898839979
2018-06-01,2018-06-29,28,call,264.0,10.29,10.46,10.375,10.13930565377359,272.12,False,4.809286898839979
2018-06-01,2018-06-29,28,call,265.0,9.4,9.51,9.455,9.311667097966364,272.12,False,4.809286898839979
2018-06-01,2018-06-29,28,call,266.0,8.5,8.61,8.555,8.513235126575097,272.12,False,4.809286898839979
2018-06-01,2018-06-29,28,call,267.0,7.62,7.73,7.675000000000001,7.746744418813307,272.12,False,4.809286898839979
2018-06-01,2018-06-29,28,call,268.0,6.76,6.86,6.8100000000000005,7.014755247806875,272.12,False,4.809286898839979
2018-06-01,2018-06-29,28,call,269.0,5.93,6.03,5.98,6.3195789212709315,272.12,False,4.809286898839979
2018-06-01,2018-06-29,28,call,270.0,5.12,5.23,5.175000000000001,5.663208128638956,272.12,False,4.809286898839979
2018-06-01,2018-06-29,28,call,271.0,4.37,4.46,4.415,5.047255750218852,272.12,False,4.809286898839979
2018-06-01,2018-06-29,28,call,272.0,3.67,3.73,3.7,4.472905293180588,272.12,False,4.809286898839979
2018-06-01,2018-06-29,28,call,273.0,3.02,3.07,3.045,3.9408754974026294,272.12,False,4.809286898839979
2018-06-01,2018-06-29,28,call,274.0,2.41,2.47,2.4400000000000004,3.451400850222768,272.12,False,4.809286898839979
2018-06-01,2018-06-29,28,call,275.0,1.89,1.94,1.915,3.004228828396009,272.12,False,4.809286898839979
2018-06-01,2018-06-29,28,call,276.0,1.44,1.48,1.46,2.598633723198546,272.12,False,4.809286898839979
2018-06-01,2018-06-29,28,call,277.0,1.07,1.1,1.085,2.233445977580402,272.12,False,4.809286898839979
2018-06-01,2018-06-29,28,call,278.0,0.77,0.81,0.79,1.9070951435126773,272.12,False,4.809286898839979
2018-06-01,2018-06-29,28,call,279.0,0.55,0.58,0.565,1.6176639113810154,272.12,False,4.809286898839979
2018-06-01,2018-06-29,28,call,280.0,0.39,0.41,0.4,1.3629502118927803,272.12,False,4.809286898839979
2018-06-01,2018-06-29,28,call,281.0,0.27,0.29,0.28,1.1405341644539888,272.12,False,4.809286898839979
2018-06-01,2018-06-29,28,call,282.0,0.2,0.21,0.20500000000000002,0.9478466435221122,272.12,False,4.809286898839979
2018-06-01,2018-06-29,28,call,283.0,0.14,0.16,0.15000000000000002,0.7822364363654515,272.12,False,4.809286898839979
2018-06-01,2018-06-29,28,call,284.0,0.11,0.12,0.11499999999999999,0.6410333371001755,272.12,False,4.809286898839979
2018-06-01,2018-06-29,28,call,285.0,0.08,0.09,0.08499999999999999,0.5216050177013472,272.12,False,4.809286898839979
2018-06-01,2018-06-29,28,call,286.0,0.07,0.08,0.07500000000000001,0.4214060868368179,272.12,False,4.809286898839979
2018-06-01,2018-06-29,28,call,287.0,0.05,0.06,0.055,0.3380183420781506,272.12,False,4.809286898839979
2018-06-01,2018-06-29,28,call,288.0,0.04,0.05,0.045,0.2691817952667144,272.12,False,4.809286898839979
2018-06-01,2018-06-29,28,call,289.0,0.04,0.05,0.045,0.21281656761413714,272.12,False,4.809286898839979
2018-06-01,2018-06-29,28,call,290.0,0.03,0.04,0.035,0.16703618368967454,272.12,False,4.809286898839979
2018-06-01,2018-06-29,28,call,291.0,0.03,0.04,0.035,0.13015312584997574,272.12,False,4.809286898839979
2018-06-01,2018-06-29,28,call,292.0,0.03,0.04,0.035,0.1006777373732266,272.12,False,4.809286898839979
2018-06-01,2018-06-29,28,call,293.0,0.02,0.03,0.025,0.0773116870920525,272.12,False,4.809286898839979
2018-06-01,2018-06-29,28,call,294.0,0.02,0.03,0.025,0.058937241280243136,272.12,False,4.809286898839979
2018-06-01,2018-06-29,28,call,295.0,0.02,0.03,0.025,0.044603545365289765,272.12,False,4.809286898839979
2018-06-01,2018-06-29,28,call,296.0,0.02,0.03,0.025,0.03351101670330747,272.12,False,4.809286898839979
2018-06-01,2018-06-29,28,call,297.0,0.01,0.02,0.015,0.024994808711608307,272.12,False,4.809286898839979
2018-06-01,2018-06-29,28,call,298.0,0.01,0.02,0.015,0.018508143554260004,272.12,False,4.809286898839979
2018-06-01,2018-06-29,28,call,299.0,0.01,0.02,0.015,0.013606140503584552,272.12,False,4.809286898839979
2018-06-01,2018-06-29,28,call,300.0,0.01,0.02,0.015,0.009930602267463229,272.12,False,4.809286898839979
2018-06-01,2018-06-29,28,call,305.0,0.0,0.01,0.005,0.0018476347711429697,272.12,False,4.809286898839979
2018-06-01,2018-06-29,28,call,310.0,0.0,0.01,0.005,0.0002883806724964244,272.12,False,4.809286898839979
2018-06-01,2018-06-29,28,call,315.0,0.0,0.01,0.005,3.794389936286752e-05,272.12,False,4.809286898839979
2018-06-01,2018-06-29,28,call,320.0,0.0,0.01,0.005,4.231824282885485e-06,272.12,False,4.809286898839979
2018-06-01,2018-06-29,28,call,325.0,0.0,0.01,0.005,4.023975407236479e-07,272.12,False,4.809286898839979
2018-06-01,2018-06-29,28,call,330.0,0.0,0.01,0.005,3.2818853099021983e-08,272.12,False,4.809286898839979
2018-06-01,2018-06-29,28,call,335.0,0.0,0.01,0.005,2.3096216144416444e-09,272.12,False,4.809286898839979
2018-06-01,2018-06-29,28,call,340.0,0.0,0.01,0.005,1.410797917007679e-10,272.12,False,4.809286898839979
